start_station_name,member_casual,number_of_rides,average_duration
2112 W Peterson Ave,casual,338,27.8826923076923
2112 W Peterson Ave,member,509,18.312671905697446
351,casual,1,17.0666666666667
63rd St Beach,casual,1394,56.189335246293645
63rd St Beach,member,557,27.539407540394976
900 W Harrison St,casual,2469,22.941116511408126
900 W Harrison St,member,5554,10.923457568119073
Aberdeen St & Jackson Blvd,casual,3427,20.186319424180528
Aberdeen St & Jackson Blvd,member,7990,11.177603254067584
Aberdeen St & Monroe St,casual,3795,26.5022573561704
Aberdeen St & Monroe St,member,6892,11.483814567614626
Aberdeen St & Randolph St,casual,3784,22.98087121212121
Aberdeen St & Randolph St,member,5719,12.29440170192924
Ada St & 113th St,casual,44,69.13712121212123
Ada St & 113th St,member,5,8.810000000000006
Ada St & Washington Blvd,casual,2934,20.720989547830037
Ada St & Washington Blvd,member,5799,12.498218083577628
Adler Planetarium,casual,9669,39.75883407453373
Adler Planetarium,member,5250,22.795073015873015
Albany Ave & 26th St,casual,145,40.01000000000001
Albany Ave & 26th St,member,108,19.890432098765434
Albany Ave & Belmont Ave,casual,11,13.440909090909088
Albany Ave & Belmont Ave,member,33,14.36313131313131
Albany Ave & Bloomingdale Ave,casual,2136,29.051193820224714
Albany Ave & Bloomingdale Ave,member,2285,16.883778264040846
Albany Ave & Montrose Ave,casual,683,26.569033674963396
Albany Ave & Montrose Ave,member,1093,16.40576395242452
Altgeld Gardens,casual,48,55.26319444444443
Altgeld Gardens,member,5,26.120000000000008
Archer (Damen) Ave & 37th St,casual,276,42.06944444444444
Archer (Damen) Ave & 37th St,member,187,24.126470588235296
Archer Ave & 43rd St,casual,10,18.543333333333337
Archer Ave & 43rd St,member,3,27.0111111111111
Artesian Ave & 55th St,casual,19,17.388596491228068
Artesian Ave & Hubbard St,casual,662,25.090181268882176
Artesian Ave & Hubbard St,member,1538,14.439304291287387
Ashland Ave & 13th St,casual,568,23.47508802816901
Ashland Ave & 13th St,member,2076,12.746098265895954
Ashland Ave & 50th St,casual,105,41.05460317460317
Ashland Ave & 50th St,member,25,18.141333333333332
Ashland Ave & 63rd St,casual,83,52.51807228915665
Ashland Ave & 63rd St,member,43,17.687984496124034
Ashland Ave & 66th St,casual,54,59.8138888888889
Ashland Ave & 66th St,member,12,11.601388888888888
Ashland Ave & 74th St,casual,75,51.319555555555546
Ashland Ave & 74th St,member,17,13.767647058823536
Ashland Ave & 78th St,casual,51,37.871895424836595
Ashland Ave & 78th St,member,34,5.025980392156862
Ashland Ave & Archer Ave,casual,449,22.169896065330366
Ashland Ave & Archer Ave,member,576,14.23431712962963
Ashland Ave & Augusta Blvd,casual,2482,19.595326349717972
Ashland Ave & Augusta Blvd,member,5126,13.408899076602939
Ashland Ave & Belle Plaine Ave,casual,1409,23.285604447598768
Ashland Ave & Belle Plaine Ave,member,1552,13.47290592783505
Ashland Ave & Blackhawk St,casual,4618,20.292269380684278
Ashland Ave & Blackhawk St,member,5724,14.425748311204286
Ashland Ave & Chicago Ave,casual,3547,19.283944178178743
Ashland Ave & Chicago Ave,member,5542,12.103783231083845
Ashland Ave & Division St,casual,10169,20.603089454879207
Ashland Ave & Division St,member,13169,13.08564431619713
Ashland Ave & Garfield Blvd,casual,86,35.593410852713184
Ashland Ave & Garfield Blvd,member,14,12.053571428571422
Ashland Ave & Grace St,casual,2910,21.553344788087056
Ashland Ave & Grace St,member,4130,12.275794995964487
Ashland Ave & Grand Ave,casual,2832,20.007827212806028
Ashland Ave & Grand Ave,member,3185,12.889665096807954
Ashland Ave & Lake St,casual,2457,20.256362773029444
Ashland Ave & Lake St,member,2348,11.473807495741056
Ashland Ave & McDowell Ave,casual,138,25.192753623188405
Ashland Ave & McDowell Ave,member,155,16.609569892473118
Ashland Ave & Pershing Rd,casual,134,35.31218905472636
Ashland Ave & Pershing Rd,member,194,15.567783505154646
Ashland Ave & Wellington Ave,casual,2054,21.76050795196365
Ashland Ave & Wellington Ave,member,3875,12.975286021505378
Ashland Ave & Wrightwood Ave,casual,3168,20.09237163299663
Ashland Ave & Wrightwood Ave,member,3702,12.293647577885826
Augusta Blvd & Laramie Ave,casual,4,23.48750000000002
Austin Blvd & Chicago Ave,casual,142,61.15985915492958
Austin Blvd & Chicago Ave,member,102,19.040849673202615
Austin Blvd & Lake St,casual,324,52.3875
Austin Blvd & Lake St,member,130,22.775
Austin Blvd & Madison St,casual,170,65.10235294117648
Austin Blvd & Madison St,member,103,23.336569579288025
Avenue L & 114th St,casual,5,21.429999999999986
Avenue L & 114th St,member,1,15.4
Avenue O & 118th St,casual,69,41.25772946859903
Avenue O & 118th St,member,9,27.94259259259259
Avenue O & 134th St,casual,83,54.04076305220883
Avenue O & 134th St,member,9,34.9925925925926
Avers Ave & Belmont Ave,casual,807,28.015716646014045
Avers Ave & Belmont Ave,member,769,20.928803641092326
Avondale Ave & Irving Park Rd,casual,699,27.17925608011445
Avondale Ave & Irving Park Rd,member,490,17.200680272108844
Baltimore Ave & 87th St,casual,123,40.71314363143631
Baltimore Ave & 87th St,member,38,24.98859649122807
Base - 2132 W Hubbard Warehouse,casual,10,9.928333333333336
Base - 2132 W Hubbard Warehouse,member,159,12.639412997903564
Bennett Ave & 79th St,casual,61,44.03169398907105
Bennett Ave & 79th St,member,18,36.26851851851854
Benson Ave & Church St,casual,2442,40.951119301119306
Benson Ave & Church St,member,3218,16.352076859332918
Bernard St & Elston Ave,casual,473,31.628435517970402
Bernard St & Elston Ave,member,569,20.95199179847686
Big Marsh Park,casual,205,49.779024390243926
Big Marsh Park,member,61,30.0483606557377
Bissell St & Armitage Ave,casual,8544,19.120928916978777
Bissell St & Armitage Ave,member,10626,11.689494322103018
Blackstone Ave & Hyde Park Blvd,casual,2076,37.74925337186898
Blackstone Ave & Hyde Park Blvd,member,2456,14.744944353963085
Bloomingdale Ave & Harlem Ave,casual,16,29.066666666666666
Bloomingdale Ave & Harlem Ave,member,5,18.736666666666668
Blue Island Ave & 18th St,casual,2250,27.626340740740744
Blue Island Ave & 18th St,member,3168,13.934275042087542
Bosworth Ave & Howard St,casual,314,27.97001061571126
Bosworth Ave & Howard St,member,568,16.29286971830986
Bradley Park,casual,95,34.97684210526315
Bradley Park,member,11,4.287878787878792
Broadway & Argyle St,casual,3247,31.553562262601375
Broadway & Argyle St,member,5199,13.904497659806372
Broadway & Barry Ave,casual,11951,23.87865450589909
Broadway & Barry Ave,member,16733,13.24386939978884
Broadway & Belmont Ave,casual,6974,24.746290985565434
Broadway & Belmont Ave,member,9332,13.505361480211459
Broadway & Berwyn Ave,casual,2649,29.610236567258085
Broadway & Berwyn Ave,member,5263,13.995623535372728
Broadway & Cornelia Ave,casual,8361,25.16077622293984
Broadway & Cornelia Ave,member,12052,13.244212578825092
Broadway & Granville Ave,casual,2936,44.503706857402364
Broadway & Granville Ave,member,4167,17.920394368450523
Broadway & Ridge Ave,casual,2395,30.887543493389007
Broadway & Ridge Ave,member,4047,16.191598715097605
Broadway & Sheridan Rd,casual,5688,22.28850796999531
Broadway & Sheridan Rd,member,7862,12.454748579665903
Broadway & Thorndale Ave,casual,2621,44.82772478697699
Broadway & Thorndale Ave,member,4000,17.327608333333334
Broadway & Waveland Ave,casual,7601,24.174452922861025
Broadway & Waveland Ave,member,12741,11.958884702927557
Broadway & Wilson - Truman College Vaccination Site,casual,3447,24.313088676143504
Broadway & Wilson - Truman College Vaccination Site,member,5355,13.40152505446623
Broadway & Wilson Ave,casual,11,11.862121212121213
Broadway & Wilson Ave,member,121,9.377685950413225
Buckingham Fountain,casual,11831,47.38084411010622
Buckingham Fountain,member,1964,20.38542090970808
Budlong Woods Library,casual,454,30.5492657856094
Budlong Woods Library,member,435,20.76088122605364
Burling St & Diversey Pkwy,casual,5349,21.858235184146572
Burling St & Diversey Pkwy,member,8741,13.003172787247836
Burnham Greenway & 105th St,casual,158,59.23639240506329
Burnham Greenway & 105th St,member,38,28.293859649122812
Burnham Harbor,casual,5041,38.818752892944524
Burnham Harbor,member,8122,25.331088401871458
California Ave & 21st St,casual,532,36.33975563909775
California Ave & 21st St,member,655,16.11936386768448
California Ave & 23rd Pl,casual,207,47.863526570048336
California Ave & 23rd Pl,member,561,19.400653594771242
California Ave & 26th St,casual,109,39.26223241590217
California Ave & 26th St,member,168,14.226190476190474
California Ave & 29th St,casual,2,35.16666666666665
California Ave & 29th St,member,1,5.7
California Ave & 36th St,casual,9,28.394444444444442
California Ave & Altgeld St,casual,1806,23.50168881506091
California Ave & Altgeld St,member,1894,14.391393875395986
California Ave & Byron St,casual,915,33.11666666666667
California Ave & Byron St,member,1098,19.300485731633273
California Ave & Cortez St,casual,2141,22.22060563599564
California Ave & Cortez St,member,2513,15.786337710571694
California Ave & Division St,casual,1908,30.021645702306074
California Ave & Division St,member,1780,16.693492509363296
California Ave & Fletcher St,casual,1486,23.139008524001795
California Ave & Fletcher St,member,1372,18.084183673469386
California Ave & Francis Pl (Temp),casual,2052,23.608641975308643
California Ave & Francis Pl (Temp),member,2049,15.897584187408492
California Ave & Lake St,casual,415,31.77417670682731
California Ave & Lake St,member,374,18.039126559714795
California Ave & Marquette Rd,casual,3,49.83333333333322
California Ave & Milwaukee Ave,casual,5069,22.16821858354705
California Ave & Milwaukee Ave,member,4707,14.431382338361306
California Ave & Montrose Ave,casual,1062,36.46887947269304
California Ave & Montrose Ave,member,1655,20.784682779456194
California Ave & North Ave,casual,2136,23.68458177278402
California Ave & North Ave,member,2247,14.085588191662959
California Ave & Winona St,casual,4,12.024999999999999
California Ave & Winona St,member,20,12.888333333333334
Calumet Ave & 18th St,casual,3748,39.19219139096407
Calumet Ave & 18th St,member,5595,17.53195710455764
Calumet Ave & 21st St,casual,2033,40.64754877848828
Calumet Ave & 21st St,member,1736,16.838114439324116
Calumet Ave & 33rd St,casual,772,36.93013816925733
Calumet Ave & 33rd St,member,4366,8.216422354557947
Calumet Ave & 35th St,casual,729,33.03971193415637
Calumet Ave & 35th St,member,1289,11.941181794672874
Calumet Ave & 51st St,casual,660,28.049116161616162
Calumet Ave & 51st St,member,254,16.584711286089238
Calumet Ave & 71st St,casual,61,56.0879781420765
Calumet Ave & 71st St,member,13,39.09743589743588
Calumet Park,casual,328,51.935010162601635
Calumet Park,member,40,29.591666666666676
Campbell Ave & 51st St,casual,2,8.324999999999985
Campbell Ave & Fullerton Ave,casual,1650,28.390232323232325
Campbell Ave & Fullerton Ave,member,1665,15.686246246246245
Campbell Ave & Montrose Ave,casual,520,27.010064102564098
Campbell Ave & Montrose Ave,member,1977,16.4198111616928
Campbell Ave & North Ave,casual,2938,22.748196051735874
Campbell Ave & North Ave,member,2661,14.263616434924215
Canal St & Adams St,casual,5186,26.542502249646486
Canal St & Adams St,member,11243,12.41228764564618
Canal St & Harrison St,casual,1011,28.082706890867126
Canal St & Harrison St,member,1903,10.750245226834823
Canal St & Jackson Blvd,casual,1693,24.122287851939358
Canal St & Jackson Blvd,member,4576,11.581985722610723
Canal St & Madison St,casual,4235,27.087134986225895
Canal St & Madison St,member,8327,11.414218806292784
Canal St & Monroe St,casual,2553,24.5789267528398
Canal St & Monroe St,member,5854,11.239303610067191
Canal St & Taylor St,casual,2420,25.458643250688702
Canal St & Taylor St,member,3282,11.252945358521227
Cannon Dr & Fullerton Ave,casual,5175,45.906528180354265
Cannon Dr & Fullerton Ave,member,2334,18.508076263924593
Carpenter St & 63rd St,casual,27,20.31666666666666
Carpenter St & 63rd St,member,6,13.82500000000001
Carpenter St & Huron St,casual,4340,16.629051459293397
Carpenter St & Huron St,member,6018,11.922496399689818
Central Ave & Chicago Ave,casual,131,58.01921119592879
Central Ave & Chicago Ave,member,402,19.88718905472637
Central Ave & Harrison St,casual,96,35.71649305555556
Central Ave & Harrison St,member,41,31.710162601626013
Central Ave & Lake St,casual,201,26.407628524046437
Central Ave & Lake St,member,60,28.276944444444446
Central Ave & Madison St,casual,81,61.82160493827159
Central Ave & Madison St,member,136,36.93259803921569
Central Ave & Parker Ave,casual,29,24.06551724137931
Central Ave & Parker Ave,member,4,12.775000000000025
Central Ave & Roscoe St,casual,22,26.14924242424243
Central Ave & Roscoe St,member,22,14.736363636363638
Central Park & Augusta Blvd,casual,6,12.833333333333334
Central Park & Augusta Blvd,member,6,87.83888888888893
Central Park Ave & 24th St,casual,113,33.719469026548666
Central Park Ave & 24th St,member,29,22.276436781609195
Central Park Ave & Bloomingdale Ave,casual,1731,44.0135085692278
Central Park Ave & Bloomingdale Ave,member,1232,17.651948051948054
Central Park Ave & Douglas Blvd,casual,47,27.343971631205665
Central Park Ave & Douglas Blvd,member,1,28.2333333333333
Central Park Ave & Elbridge Ave,casual,815,26.97834355828221
Central Park Ave & Elbridge Ave,member,942,19.24727530077848
Central Park Ave & North Ave,casual,723,41.55507146150299
Central Park Ave & North Ave,member,284,20.88362676056338
Central Park Ave & Ogden Ave,casual,302,24.07930463576159
Central Park Ave & Ogden Ave,member,209,19.159489633173845
Central Park Ave & Ohio St,casual,11,34.41818181818183
Central Park Blvd & 5th Ave,casual,149,83.63668903803134
Central Park Blvd & 5th Ave,member,93,22.94462365591398
Central St & Girard Ave,casual,534,31.91267166042447
Central St & Girard Ave,member,537,17.404872749844817
Central St Metra,casual,563,33.27081113084666
Central St Metra,member,708,21.111158192090397
Cherry Ave & Blackhawk St,casual,591,20.43412295544276
Cherry Ave & Blackhawk St,member,1061,11.432312284008797
Chicago Ave & Sheridan Rd,casual,2440,42.98810792349727
Chicago Ave & Sheridan Rd,member,1667,15.993471305738852
Chicago Ave & Washington St,casual,1249,37.977421937550034
Chicago Ave & Washington St,member,2335,16.673854389721626
Chicago State University,casual,216,25.945293209876546
Chicago State University,member,204,20.73447712418301
Christiana Ave & Lawrence Ave,casual,578,33.607583621683965
Christiana Ave & Lawrence Ave,member,678,18.053490658800396
Cicero Ave & Flournoy St,casual,45,42.845555555555585
Cicero Ave & Flournoy St,member,33,16.960606060606054
Cicero Ave & Grace St,casual,9,24.720370370370375
Cicero Ave & Grace St,member,7,26.01428571428574
Cicero Ave & Lake St,casual,120,55.678055555555574
Cicero Ave & Lake St,member,20,47.070000000000014
Cicero Ave & Quincy St,casual,68,92.44044117647051
Cicero Ave & Quincy St,member,7,21.12619047619048
Cityfront Plaza Dr & Pioneer Ct,casual,6535,32.980306044376434
Cityfront Plaza Dr & Pioneer Ct,member,6837,13.17434791087709
Claremont Ave & Hirsch St,casual,1152,19.47712673611111
Claremont Ave & Hirsch St,member,1271,13.429792814057173
Clarendon Ave & Gordon Ter,casual,4516,24.079650132860937
Clarendon Ave & Gordon Ter,member,8115,13.688589032655576
Clarendon Ave & Junior Ter,casual,4502,25.94122982378202
Clarendon Ave & Junior Ter,member,7043,15.251999621373468
Clarendon Ave & Leland Ave,casual,2817,31.748142231688558
Clarendon Ave & Leland Ave,member,3823,14.100605981341007
Clark St & 9th St (AMLI),casual,2792,27.207276743075454
Clark St & 9th St (AMLI),member,3724,12.119047619047619
Clark St & Armitage Ave,casual,15259,25.456470498285164
Clark St & Armitage Ave,member,15816,13.1275354071826
Clark St & Berwyn Ave,casual,4195,25.20065951529599
Clark St & Berwyn Ave,member,5387,13.87607821298187
Clark St & Bryn Mawr Ave,casual,2375,23.793263157894735
Clark St & Bryn Mawr Ave,member,4313,15.48740629105804
Clark St & Chicago Ave,casual,6255,21.60757793764988
Clark St & Chicago Ave,member,8229,11.511587070117876
Clark St & Columbia Ave,casual,640,23.730364583333333
Clark St & Columbia Ave,member,1431,11.705369205683672
Clark St & Drummond Pl,casual,9903,20.807129152781986
Clark St & Drummond Pl,member,12832,12.575835151704073
Clark St & Elm St,casual,15471,20.896114235235817
Clark St & Elm St,member,23571,12.304986353287232
Clark St & Elmdale Ave,casual,1027,34.76176566049983
Clark St & Elmdale Ave,member,2084,15.086884197056941
Clark St & Grace St,casual,8638,20.17389634946361
Clark St & Grace St,member,7749,12.737639265281542
Clark St & Ida B Wells Dr,casual,1913,35.71374803972818
Clark St & Ida B Wells Dr,member,3322,13.65252358017259
Clark St & Jarvis Ave,casual,294,25.99393424036281
Clark St & Jarvis Ave,member,738,10.218157181571815
Clark St & Lake St,casual,6613,27.586100609909774
Clark St & Lake St,member,9177,11.928644073952999
Clark St & Leland Ave,casual,3400,21.389617647058824
Clark St & Leland Ave,member,5532,13.577783803326103
Clark St & Lincoln Ave,casual,16131,24.4287489926229
Clark St & Lincoln Ave,member,15499,13.304334688259457
Clark St & Lunt Ave,casual,791,23.46725663716814
Clark St & Lunt Ave,member,1555,12.250739549839228
Clark St & Montrose Ave,casual,2170,22.295760368663593
Clark St & Montrose Ave,member,3824,12.957609832635983
Clark St & Newport St,casual,11968,21.55288407976827
Clark St & Newport St,member,9677,13.101040267300471
Clark St & North Ave,casual,7025,28.191340450771058
Clark St & North Ave,member,6453,14.370930833204195
Clark St & Randolph St,casual,5588,26.324991052254834
Clark St & Randolph St,member,9720,12.76428840877915
Clark St & Schiller St,casual,8840,22.576772247360484
Clark St & Schiller St,member,12871,12.634254007717608
Clark St & Schreiber Ave,casual,942,26.31725053078556
Clark St & Schreiber Ave,member,1639,15.293268252999798
Clark St & Touhy Ave,casual,288,28.534201388888903
Clark St & Touhy Ave,member,591,14.174252679075014
Clark St & Wellington Ave,casual,7758,19.986865171435937
Clark St & Wellington Ave,member,11110,12.747238223822382
Clark St & Winnemac Ave,casual,4594,26.585705993324627
Clark St & Winnemac Ave,member,7164,13.254690117252931
Clark St & Wrightwood Ave,casual,10370,20.045207328833172
Clark St & Wrightwood Ave,member,13544,13.391077229769639
Clifton Ave & Armitage Ave,casual,4084,18.627554684949395
Clifton Ave & Armitage Ave,member,7106,12.764757481940144
Clinton St & 18th St,casual,955,26.369947643979053
Clinton St & 18th St,member,1912,16.041379009762903
Clinton St & Jackson Blvd,casual,3481,24.084075457244086
Clinton St & Jackson Blvd,member,9615,11.55449124631652
Clinton St & Lake St,casual,5355,19.424394646747587
Clinton St & Lake St,member,11612,10.11940234240441
Clinton St & Madison St,casual,7253,23.0169860747277
Clinton St & Madison St,member,16132,11.49580543846599
Clinton St & Polk St,casual,598,29.068171683389075
Clinton St & Polk St,member,707,10.462588401697312
Clinton St & Roosevelt Rd,casual,3260,24.221431492842537
Clinton St & Roosevelt Rd,member,4553,12.753203016326232
Clinton St & Tilden St,casual,1166,20.776186392224126
Clinton St & Tilden St,member,2050,10.333357723577235
Clinton St & Washington Blvd,casual,5029,22.35421223569961
Clinton St & Washington Blvd,member,14453,10.81730321271247
Clybourn Ave & Division St,casual,2257,18.536988627972235
Clybourn Ave & Division St,member,4556,11.142921422300264
Clyde Ave & 87th St,casual,101,37.81551155115512
Clyde Ave & 87th St,member,37,56.000450450450465
Columbus Dr & Randolph St,casual,10037,39.2034787951247
Columbus Dr & Randolph St,member,12550,12.34356706507304
Commercial Ave & 100th St,casual,42,70.70476190476191
Commercial Ave & 130th St,casual,117,40.43091168091169
Commercial Ave & 130th St,member,14,37.56190476190475
Commercial Ave & 83rd St,casual,82,50.97540650406502
Commercial Ave & 83rd St,member,24,18.83333333333334
Conservatory Dr & Lake St,casual,481,42.416666666666686
Conservatory Dr & Lake St,member,245,27.51360544217687
Constance Ave & 95th St,casual,63,36.13597883597884
Constance Ave & 95th St,member,10,14.606666666666667
Cornell Ave & Hyde Park Blvd,casual,3072,41.838313802083334
Cornell Ave & Hyde Park Blvd,member,3991,15.198275286060301
Cornell Dr & Hayes Dr,casual,361,51.83028624192059
Cornell Dr & Hayes Dr,member,143,17.6018648018648
Cottage Grove Ave & 111th Pl,casual,117,39.58048433048434
Cottage Grove Ave & 111th Pl,member,27,23.70432098765432
Cottage Grove Ave & 43rd St,casual,425,44.293019607843135
Cottage Grove Ave & 43rd St,member,317,16.771345951629865
Cottage Grove Ave & 47th St,casual,572,38.29274475524475
Cottage Grove Ave & 47th St,member,463,16.049748020158386
Cottage Grove Ave & 51st St,casual,639,28.523891497130936
Cottage Grove Ave & 51st St,member,430,16.07798449612403
Cottage Grove Ave & 63rd St,casual,473,29.979457364341087
Cottage Grove Ave & 63rd St,member,268,16.449191542288556
Cottage Grove Ave & 67th St,casual,199,33.255443886097154
Cottage Grove Ave & 67th St,member,52,17.37339743589743
Cottage Grove Ave & 71st St,casual,132,29.62449494949494
Cottage Grove Ave & 71st St,member,10,11.95833333333332
Cottage Grove Ave & 78th St,casual,125,37.56293333333331
Cottage Grove Ave & 78th St,member,21,12.384126984126986
Cottage Grove Ave & 83rd St,casual,138,44.08236714975846
Cottage Grove Ave & 83rd St,member,56,23.240178571428576
Cottage Grove Ave & Oakwood Blvd,casual,1050,50.95239682539683
Cottage Grove Ave & Oakwood Blvd,member,647,25.233900051519836
Daley Center Plaza,casual,6277,25.193667357017684
Daley Center Plaza,member,11577,12.833847283406755
Damen Ave & 33rd St,casual,9,22.877777777777823
Damen Ave & 33rd St,member,8,16.79791666666667
Damen Ave & 51st St,casual,76,26.11381578947368
Damen Ave & 51st St,member,13,21.260256410256417
Damen Ave & 59th St,casual,94,52.06631205673762
Damen Ave & 59th St,member,16,23.751041666666676
Damen Ave & Charleston St,casual,2887,23.47225493591964
Damen Ave & Charleston St,member,3179,14.381456432840515
Damen Ave & Chicago Ave,casual,4737,20.526578002955457
Damen Ave & Chicago Ave,member,6616,12.296072652156388
Damen Ave & Clybourn Ave,casual,1832,21.379848981077142
Damen Ave & Clybourn Ave,member,3018,15.252993152197924
Damen Ave & Cortland St,casual,5677,23.080074569901946
Damen Ave & Cortland St,member,6491,14.800711241205772
Damen Ave & Coulter St,casual,245,31.756666666666668
Damen Ave & Coulter St,member,315,17.106507936507935
Damen Ave & Cullerton St,casual,1054,25.198829854522454
Damen Ave & Cullerton St,member,1338,15.961185849526656
Damen Ave & Division St,casual,4533,20.483840723582617
Damen Ave & Division St,member,5760,12.915188078703704
Damen Ave & Foster Ave,casual,1465,24.459499431171785
Damen Ave & Foster Ave,member,2123,14.17718637148689
Damen Ave & Grand Ave,casual,2305,20.520751988430945
Damen Ave & Grand Ave,member,2799,13.70471001548172
Damen Ave & Leland Ave,casual,1591,21.81824848103918
Damen Ave & Leland Ave,member,3794,12.499468458970304
Damen Ave & Madison St,casual,1510,29.465408388520977
Damen Ave & Madison St,member,1822,15.288126600804976
Damen Ave & Melrose Ave,casual,1859,24.941563564640486
Damen Ave & Melrose Ave,member,1693,13.693748769442804
Damen Ave & Pershing Rd,casual,250,40.60026666666666
Damen Ave & Pershing Rd,member,198,24.787121212121214
Damen Ave & Pierce Ave,casual,9810,22.784259259259258
Damen Ave & Pierce Ave,member,10102,13.87118392397545
Damen Ave & Sunnyside Ave,casual,1110,23.126936936936936
Damen Ave & Sunnyside Ave,member,2166,13.500161588180978
Damen Ave & Thomas St (Augusta Blvd),casual,3286,20.263334347737878
Damen Ave & Thomas St (Augusta Blvd),member,4411,13.204549232978161
Damen Ave & Wabansia Ave,casual,330,16.560505050505054
Damen Ave & Wabansia Ave,member,329,14.012158054711247
Damen Ave & Walnut (Lake) St,casual,1188,21.58752805836139
Damen Ave & Walnut (Lake) St,member,1471,13.306707455245864
Damen Ave & Wellington Ave,casual,2175,19.119463601532566
Damen Ave & Wellington Ave,member,2507,14.50448743518149
Dauphin Ave & 103rd St,casual,81,44.77901234567902
Dauphin Ave & 103rd St,member,13,24.175641025641013
Dauphin Ave & 87th St,casual,179,49.603631284916204
Dauphin Ave & 87th St,member,17,15.887254901960798
Dayton St & North Ave,casual,5338,18.413369551642315
Dayton St & North Ave,member,6516,12.6426949048496
Dearborn Pkwy & Delaware Pl,casual,9483,22.500233751625718
Dearborn Pkwy & Delaware Pl,member,13410,13.044392244593586
Dearborn St & Adams St,casual,3416,30.968110850897737
Dearborn St & Adams St,member,5403,12.710376951076562
Dearborn St & Erie St,casual,11806,25.14836664972613
Dearborn St & Erie St,member,18365,12.559852981214267
Dearborn St & Monroe St,casual,6369,29.385706809022874
Dearborn St & Monroe St,member,10929,12.386400097599658
Dearborn St & Van Buren St,casual,3609,32.92341830608664
Dearborn St & Van Buren St,member,4161,12.675006008171113
Delano Ct & Roosevelt Rd,casual,3091,24.880141270354795
Delano Ct & Roosevelt Rd,member,3596,12.794836855765666
Desplaines St & Jackson Blvd,casual,3344,21.18466407496013
Desplaines St & Jackson Blvd,member,8228,11.479908037595203
Desplaines St & Kinzie St,casual,8473,17.300710098745032
Desplaines St & Kinzie St,member,15904,9.528320967471496
Desplaines St & Randolph St,casual,5282,20.797393664016155
Desplaines St & Randolph St,member,7097,10.805138321356441
Dodge Ave & Church St,casual,281,33.71067615658363
Dodge Ave & Church St,member,435,14.545555555555557
Dodge Ave & Main St,casual,222,36.993993993993996
Dodge Ave & Main St,member,190,18.32070175438596
Dodge Ave & Mulford St,casual,250,43.79979999999998
Dodge Ave & Mulford St,member,232,23.647629310344826
Dorchester Ave & 49th St,casual,533,39.92082551594747
Dorchester Ave & 49th St,member,660,16.322348484848483
Dorchester Ave & 63rd St,casual,525,38.04965079365079
Dorchester Ave & 63rd St,member,233,12.580972818311874
Doty Ave & 111th St,casual,8,9.38749999999999
Drake Ave & Addison St,casual,388,22.176503436426117
Drake Ave & Addison St,member,398,14.567587939698493
Drake Ave & Montrose Ave,casual,398,46.60146566164154
Drake Ave & Montrose Ave,member,777,17.15866580866581
Dusable Harbor,casual,14521,39.10937033721277
Dusable Harbor,member,5290,22.255233144297417
DuSable Lake Shore Dr & Belmont Ave,casual,5636,29.75977052282943
DuSable Lake Shore Dr & Belmont Ave,member,5457,17.695149960295645
DuSable Lake Shore Dr & Diversey Pkwy,casual,5239,29.892183622828785
DuSable Lake Shore Dr & Diversey Pkwy,member,5530,16.757784810126584
DuSable Lake Shore Dr & Monroe St,casual,15485,39.36814228823593
DuSable Lake Shore Dr & Monroe St,member,4588,22.871578029642546
DuSable Lake Shore Dr & North Blvd,casual,14140,29.926941301272983
DuSable Lake Shore Dr & North Blvd,member,8979,18.04300404647882
DuSable Lake Shore Dr & Ohio St,casual,5810,35.620542168674696
DuSable Lake Shore Dr & Ohio St,member,4071,17.100528125767624
DuSable Lake Shore Dr & Wellington Ave,casual,5040,28.165419973544974
DuSable Lake Shore Dr & Wellington Ave,member,5899,17.150488783409617
DuSable Museum,casual,398,37.0356365159129
DuSable Museum,member,363,21.299770431588616
East End Ave & 87th St,casual,74,75.90585585585588
East End Ave & 87th St,member,54,13.651543209876541
Eastlake Ter & Rogers Ave,casual,743,39.713526244952895
Eastlake Ter & Rogers Ave,member,1671,14.63366247755835
Eberhart Ave & 131st St,casual,61,45.63989071038251
Eberhart Ave & 131st St,member,4,40.53750000000007
Eberhart Ave & 61st St,casual,346,48.21059730250485
Eberhart Ave & 61st St,member,77,17.050432900432902
Eberhart Ave & 91st St,casual,134,56.86940298507463
Eberhart Ave & 91st St,member,34,18.432843137254903
Eckhart Park,casual,3949,19.228965138853717
Eckhart Park,member,5860,13.527323663253696
Eggleston Ave & 69th St,casual,100,32.73366666666666
Eggleston Ave & 69th St,member,19,12.17280701754386
Eggleston Ave & 92nd St,casual,105,26.09714285714286
Eggleston Ave & 92nd St,member,17,16.22058823529412
Elizabeth (May) St & Fulton St,casual,1890,17.85758377425044
Elizabeth (May) St & Fulton St,member,3458,12.106000578369
Elizabeth St & 47th St,casual,56,25.159523809523815
Elizabeth St & 47th St,member,26,18.53141025641025
Elizabeth St & 59th St,casual,27,30.217283950617286
Elizabeth St & 59th St,member,12,26.501388888888904
Elizabeth St & 92nd St,casual,124,48.44112903225807
Elizabeth St & 92nd St,member,4,17.04999999999999
Ellis Ave & 53rd St,casual,1921,27.602715599514138
Ellis Ave & 53rd St,member,3733,9.479140994731672
Ellis Ave & 55th St,casual,3075,23.154162601626016
Ellis Ave & 55th St,member,8592,8.20143350403476
Ellis Ave & 58th St,casual,1633,30.471330883853845
Ellis Ave & 58th St,member,5308,9.635054006531023
Ellis Ave & 60th St,casual,4313,19.18254888322127
Ellis Ave & 60th St,member,12172,8.676582867783985
Ellis Ave & 83rd St,casual,159,42.8134171907757
Ellis Ave & 83rd St,member,11,20.17272727272728
Elmwood Ave & Austin St,casual,280,41.43642857142857
Elmwood Ave & Austin St,member,657,16.020776255707762
Elston Ave & Cortland St,casual,2760,19.358097826086958
Elston Ave & Cortland St,member,3284,12.274675192854243
Elston Ave & George St,casual,16,23.66875
Elston Ave & George St,member,37,15.535585585585581
Elston Ave & Henderson St,casual,13,34.26794871794871
Elston Ave & Henderson St,member,14,22.3452380952381
Elston Ave & Wabansia Ave,casual,1255,18.70625498007968
Elston Ave & Wabansia Ave,member,1699,17.421394938198937
Emerald Ave & 28th St,casual,550,29.081727272727267
Emerald Ave & 28th St,member,1861,16.075300017911516
Emerald Ave & 31st St,casual,1161,23.751607809359747
Emerald Ave & 31st St,member,3994,12.688582874311468
Evans Ave & 75th St,casual,89,53.20187265917606
Evans Ave & 75th St,member,31,14.003225806451612
Evanston Civic Center,casual,819,35.07405372405373
Evanston Civic Center,member,600,14.12336111111111
Ewing Ave & Burnham Greenway,casual,53,80.65817610062895
Ewing Ave & Burnham Greenway,member,36,21.09444444444445
Exchange Ave & 79th St,casual,110,56.52333333333335
Exchange Ave & 79th St,member,75,24.223777777777773
Fairbanks Ct & Grand Ave,casual,12193,34.55928264851418
Fairbanks Ct & Grand Ave,member,12737,12.902645834968988
Fairbanks St & Superior St,casual,3115,35.82254146602461
Fairbanks St & Superior St,member,6025,14.28233195020747
Fairfield Ave & 44th St,casual,11,16.396969696969702
Fairfield Ave & 44th St,member,1,20.1333333333333
Fairfield Ave & Roosevelt Rd,casual,244,41.47493169398908
Fairfield Ave & Roosevelt Rd,member,272,22.71580882352941
Federal St & Polk St,casual,7872,26.53697069783198
Federal St & Polk St,member,10678,13.017959043516264
Field Blvd & South Water St,casual,6187,35.49392543505199
Field Blvd & South Water St,member,6813,16.801631684524683
Field Museum,casual,6697,35.52167886118163
Field Museum,member,1528,21.276548865619546
Financial Pl & Ida B Wells Dr,casual,2409,28.28918638439187
Financial Pl & Ida B Wells Dr,member,4591,11.888484716474261
Fort Dearborn Dr & 31st St,casual,5958,52.95441143560479
Fort Dearborn Dr & 31st St,member,4429,24.163204636110486
Francisco Ave & 47th St,casual,3,39.32222222222224
Francisco Ave & 47th St,member,2,14.800000000000015
Francisco Ave & Bloomingdale Ave,casual,1,26.4666666666667
Francisco Ave & Bloomingdale Ave,member,14,12.857142857142852
Francisco Ave & Foster Ave,casual,795,35.90454926624738
Francisco Ave & Foster Ave,member,1147,16.890932868352223
Francisco Ave & Hollywood Ave,casual,1,11.2166666666667
Francisco Ave & Hollywood Ave,member,2,7.324999999999999
Francisco Ave & Montrose Ave,casual,5,14.320000000000002
Francisco Ave & Montrose Ave,member,5,7.566666666666674
Franklin St & Adams St (Temp),casual,3913,29.513817190561376
Franklin St & Adams St (Temp),member,5391,10.896321028875287
Franklin St & Chicago Ave,casual,4733,19.13530178181562
Franklin St & Chicago Ave,member,9308,10.27015291505515
Franklin St & Illinois St,casual,6611,18.491511622044065
Franklin St & Illinois St,member,10144,10.656511238170346
Franklin St & Jackson Blvd,casual,7324,28.698805297651557
Franklin St & Jackson Blvd,member,9157,11.48171708346984
Franklin St & Lake St,casual,5681,24.398316024174147
Franklin St & Lake St,member,9626,10.845683565343862
Franklin St & Monroe St,casual,4281,24.848516701705208
Franklin St & Monroe St,member,8482,11.153967224711153
Glenwood Ave & Morse Ave,casual,1509,28.64931521979236
Glenwood Ave & Morse Ave,member,2460,16.058523035230355
Glenwood Ave & Touhy Ave,casual,767,34.083615819209044
Glenwood Ave & Touhy Ave,member,1229,16.70649579604014
Green St & Madison St,casual,10169,20.748298751106304
Green St & Madison St,member,15121,12.114099596587527
Green St & Randolph St,casual,9555,22.329569160997732
Green St & Randolph St,member,10406,13.575637452751618
Greenview Ave & Diversey Pkwy,casual,3152,18.76258989001692
Greenview Ave & Diversey Pkwy,member,4036,12.997914601916088
Greenview Ave & Fullerton Ave,casual,5357,18.917733806234835
Greenview Ave & Fullerton Ave,member,7441,12.324349325807463
Greenview Ave & Jarvis Ave,casual,800,29.33647916666667
Greenview Ave & Jarvis Ave,member,2086,14.897595078299776
Greenwood Ave & 47th St,casual,975,36.878564102564106
Greenwood Ave & 47th St,member,855,17.073606237816765
Greenwood Ave & 79th St,casual,117,31.334188034188042
Greenwood Ave & 79th St,member,30,21.73555555555554
Greenwood Ave & 91st St,casual,38,23.932894736842105
Greenwood Ave & 91st St,member,2,29.24166666666665
Greenwood Ave & 97th St,casual,199,39.19036850921274
Greenwood Ave & 97th St,member,14,16.788095238095238
Hale Ave & 107th St,casual,140,46.581190476190464
Hale Ave & 107th St,member,49,50.901360544217695
Halsted & 63rd - Kennedy-King Vaccination Site,casual,124,21.92432795698925
Halsted & 63rd - Kennedy-King Vaccination Site,member,61,26.29590163934425
Halsted St & 104th St,casual,63,52.29100529100528
Halsted St & 104th St,member,6,30.35277777777777
Halsted St & 111th St,casual,65,51.848717948717955
Halsted St & 111th St,member,11,25.580303030303025
Halsted St & 18th St,casual,642,30.70755451713396
Halsted St & 18th St,member,863,15.710911548860564
Halsted St & 18th St (Temp),casual,718,22.541248839368613
Halsted St & 18th St (Temp),member,945,13.134126984126983
Halsted St & 21st St,casual,1046,23.893546845124288
Halsted St & 21st St,member,861,13.897115756871854
Halsted St & 35th St,casual,755,31.719381898454735
Halsted St & 35th St,member,974,13.367248459958931
Halsted St & 37th St,casual,264,31.672348484848484
Halsted St & 37th St,member,304,14.891666666666667
Halsted St & 47th Pl,casual,247,25.476855600539814
Halsted St & 47th Pl,member,353,16.20226628895184
Halsted St & 51st St,casual,50,24.571000000000005
Halsted St & 51st St,member,44,19.73560606060606
Halsted St & 56th St,casual,66,39.80984848484847
Halsted St & 56th St,member,21,17.71587301587302
Halsted St & 59th St,casual,29,28.093678160919552
Halsted St & 59th St,member,8,19.34583333333332
Halsted St & 63rd St,casual,2,18.18333333333335
Halsted St & 63rd St,member,1,39.9833333333333
Halsted St & 69th St,casual,59,42.30169491525424
Halsted St & 69th St,member,15,28.643333333333356
Halsted St & 73rd St,casual,72,42.50439814814814
Halsted St & 73rd St,member,5,22.63666666666666
Halsted St & 78th St,casual,73,41.493607305936074
Halsted St & 78th St,member,10,23.586666666666662
Halsted St & 96th St,casual,61,88.85765027322417
Halsted St & 96th St,member,30,18.146111111111107
Halsted St & Archer Ave,casual,730,23.589360730593608
Halsted St & Archer Ave,member,962,11.803170478170477
Halsted St & Clybourn Ave,casual,7058,17.948821668083497
Halsted St & Clybourn Ave,member,11427,12.579300487150316
Halsted St & Dickens Ave,casual,7207,20.242257527403915
Halsted St & Dickens Ave,member,9443,12.476333439231881
Halsted St & Maxwell St,casual,2719,25.763546647051612
Halsted St & Maxwell St,member,5025,12.001058043117744
Halsted St & North Branch St,casual,1013,19.49108259295821
Halsted St & North Branch St,member,1433,13.594487090020936
Halsted St & Polk St,casual,1788,21.68660514541387
Halsted St & Polk St,member,7830,9.971834823329075
Halsted St & Roosevelt Rd,casual,1139,24.756262803628918
Halsted St & Roosevelt Rd,member,3460,10.64609344894027
Halsted St & Roscoe St,casual,9914,21.731178131934637
Halsted St & Roscoe St,member,11299,12.936911821105111
Halsted St & Willow St,casual,4388,19.004914919477365
Halsted St & Willow St,member,7358,12.219015583944913
Halsted St & Wrightwood Ave,casual,8111,17.54315949533555
Halsted St & Wrightwood Ave,member,10606,12.06492551386008
Hamlin Ave & 62nd Pl,casual,9,25.231481481481467
Hampden Ct & Diversey Ave,casual,159,13.482599580712789
Hampden Ct & Diversey Ave,member,272,10.292095588235291
Harding Ave & 26th St,casual,16,8.055208333333336
Harding Ave & 26th St,member,3,17.711111111111123
Harlem & Irving Park,casual,21,13.866666666666674
Harlem & Irving Park,member,11,24.895454545454534
Harlem Ave & Grace St,casual,15,29.159999999999982
Harlem Ave & Grace St,member,4,28.12916666666665
Harper Ave & 59th St,casual,1064,35.30587406015037
Harper Ave & 59th St,member,2589,13.414857731427837
Hegewisch Metra Station,casual,45,36.233703703703696
Hegewisch Metra Station,member,15,20.448888888888888
Hermitage Ave & Polk St,casual,303,23.897414741474147
Hermitage Ave & Polk St,member,966,13.134316770186334
Homan Ave & Fillmore St,casual,40,22.994583333333328
Homan Ave & Fillmore St,member,3,19.627777777777776
Homewood Ave & 115th St,casual,110,33.45257575757576
Homewood Ave & 115th St,member,18,29.9425925925926
Honore St & Division St,casual,5540,20.349641997593263
Honore St & Division St,member,5458,13.541743007206549
Houston Ave & 92nd St,casual,75,46.87422222222222
Houston Ave & 92nd St,member,23,17.713043478260865
Hoyne Ave & 34th St,casual,11,36.903030303030306
Hoyne Ave & 34th St,member,6,22.638888888888903
Hoyne Ave & 47th St,casual,167,45.30668662674649
Hoyne Ave & 47th St,member,92,18.14184782608696
Hoyne Ave & Balmoral Ave,casual,754,22.987201591511937
Hoyne Ave & Balmoral Ave,member,1199,13.439129830414235
Humboldt Blvd & Armitage Ave,casual,2893,26.391099204977532
Humboldt Blvd & Armitage Ave,member,2288,16.14932983682984
Indiana Ave & 103rd St,casual,82,22.617073170731715
Indiana Ave & 103rd St,member,17,15.384313725490204
Indiana Ave & 133rd St,casual,1,10
Indiana Ave & 26th St,casual,820,38.803475609756106
Indiana Ave & 26th St,member,2083,15.05428868618979
Indiana Ave & 31st St,casual,907,32.11585814038956
Indiana Ave & 31st St,member,2965,10.450370994940979
Indiana Ave & 40th St,casual,251,35.25166002656043
Indiana Ave & 40th St,member,295,13.766497175141245
Indiana Ave & Roosevelt Rd,casual,15638,37.479748049622714
Indiana Ave & Roosevelt Rd,member,12312,15.893111056963397
Jefferson St & Monroe St,casual,2975,22.738543417366945
Jefferson St & Monroe St,member,5542,11.182789005172621
Jeffery Blvd & 67th St,casual,486,52.631172839506185
Jeffery Blvd & 67th St,member,179,13.610986964618247
Jeffery Blvd & 71st St,casual,264,42.45593434343435
Jeffery Blvd & 71st St,member,65,17.748717948717946
Jeffery Blvd & 76th St,casual,155,52.04935483870967
Jeffery Blvd & 76th St,member,23,20.814492753623185
Karlov Ave & Madison St,casual,81,51.481275720164625
Karlov Ave & Madison St,member,19,37.62719298245614
Kedzie Ave & 104th St,casual,15,37.2922222222222
Kedzie Ave & 104th St,member,2,33.15
Kedzie Ave & 110th St,casual,68,62.54215686274511
Kedzie Ave & 110th St,member,14,16.741666666666664
Kedzie Ave & 21st St,casual,206,41.56593851132686
Kedzie Ave & 21st St,member,82,22.236788617886184
Kedzie Ave & 24th St,casual,113,29.328761061946903
Kedzie Ave & 24th St,member,54,18.263580246913584
Kedzie Ave & 48th Pl,casual,22,9.937878787878786
Kedzie Ave & 48th Pl,member,1,9.4
Kedzie Ave & 52nd St,casual,16,18.22395833333333
Kedzie Ave & 52nd St,member,6,28.091666666666672
Kedzie Ave & 57th St,casual,16,30.022916666666664
Kedzie Ave & 57th St,member,3,23.09444444444446
Kedzie Ave & Bryn Mawr Ave,casual,417,43.12054356514787
Kedzie Ave & Bryn Mawr Ave,member,457,18.72797228300511
Kedzie Ave & Chicago Ave,casual,344,39.36453488372092
Kedzie Ave & Chicago Ave,member,304,19.641666666666666
Kedzie Ave & Foster Ave,casual,526,45.61001267427124
Kedzie Ave & Foster Ave,member,536,20.145615671641792
Kedzie Ave & George St,casual,5,11.783333333333331
Kedzie Ave & George St,member,42,8.57896825396825
Kedzie Ave & Harrison St,casual,120,49.60277777777779
Kedzie Ave & Harrison St,member,41,24.510162601626018
Kedzie Ave & Lake St,casual,362,28.81588397790055
Kedzie Ave & Lake St,member,237,19.57074542897328
Kedzie Ave & Leland Ave,casual,567,33.84779541446208
Kedzie Ave & Leland Ave,member,497,16.854191817572097
Kedzie Ave & Milwaukee Ave,casual,5375,27.99574573643411
Kedzie Ave & Milwaukee Ave,member,4035,18.828302354399007
Kedzie Ave & Palmer Ct,casual,1887,27.958302420067128
Kedzie Ave & Palmer Ct,member,2170,16.385276497695852
Kedzie Ave & Roosevelt Rd,casual,207,51.84943639291467
Kedzie Ave & Roosevelt Rd,member,41,31.46544715447154
Keeler Ave & Roosevelt Rd,casual,25,38.95133333333333
Keeler Ave & Roosevelt Rd,member,8,22.552083333333343
Kenneth Ave & 50th St,casual,6,19.774999999999995
Kenneth Ave & 50th St,member,4,18.10833333333335
Kenosha & Wellington,casual,11,27.62272727272728
Kenosha & Wellington,member,5,20.3
Kenton Ave & Madison St,casual,70,80.01714285714289
Kenton Ave & Madison St,member,10,10.20666666666666
Keystone Ave & Fullerton Ave,casual,484,31.68498622589532
Keystone Ave & Fullerton Ave,member,226,23.618141592920352
Keystone Ave & Montrose Ave,casual,364,37.47825091575093
Keystone Ave & Montrose Ave,member,312,22.679700854700855
Kilbourn & Belden,casual,34,21.557352941176475
Kilbourn & Belden,member,18,12.975925925925925
Kilbourn & Roscoe,casual,43,25.516666666666662
Kilbourn & Roscoe,member,46,24.164130434782603
Kilbourn Ave & Irving Park Rd,casual,162,29.54259259259259
Kilbourn Ave & Irving Park Rd,member,182,20.54880952380952
Kilbourn Ave & Milwaukee Ave,casual,159,38.31037735849058
Kilbourn Ave & Milwaukee Ave,member,125,18.2064
Kildare Ave & 26th St,casual,7,30.5095238095238
Kildare Ave & 47th St,casual,3,10.416666666666677
Kildare Ave & 55th St,casual,4,22.43333333333335
Kildare Ave & Chicago Ave,casual,9,34.78888888888884
Kildare Ave & Division St,casual,10,27.61
Kildare Ave & Division St,member,3,22.894444444444435
Kildare Ave & Montrose Ave,casual,290,37.787988505747116
Kildare Ave & Montrose Ave,member,309,14.256202804746495
Kilpatrick Ave & Grand Ave,casual,7,22.507142857142853
Kilpatrick Ave & Grand Ave,member,2,3.783333333333335
Kilpatrick Ave & Parker Ave,casual,31,19.312903225806455
Kilpatrick Ave & Parker Ave,member,23,15.44202898550725
Kimball Ave & Belmont Ave,casual,876,27.299410197869104
Kimball Ave & Belmont Ave,member,920,17.988894927536233
Kimbark Ave & 53rd St,casual,4444,28.7984398439844
Kimbark Ave & 53rd St,member,6853,11.165878690597792
Kingsbury St & Erie St,casual,6008,16.500682423435418
Kingsbury St & Erie St,member,13328,9.674827430972389
Kingsbury St & Kinzie St,casual,9389,17.258462030035147
Kingsbury St & Kinzie St,member,22358,9.930443241792647
Knox Ave & Montrose Ave,casual,222,33.400750750750746
Knox Ave & Montrose Ave,member,207,19.28389694041868
Komensky Ave & 31st St,casual,23,26.329710144927535
Komensky Ave & 31st St,member,2,10.425000000000015
Komensky Ave & 55th St,casual,7,22.661904761904754
Kosciuszko Park,casual,1052,31.597243346007602
Kosciuszko Park,member,678,19.134660766961655
Kostner Ave & 63rd St,casual,8,37.91666666666668
Kostner Ave & 63rd St,member,1,28.8166666666667
Kostner Ave & Adams St,casual,75,35.71244444444445
Kostner Ave & Adams St,member,52,54.95576923076923
Kostner Ave & Lake St,casual,69,45.592028985507255
Kostner Ave & Lake St,member,10,19.176666666666662
Kostner Ave & Wrightwood Ave,casual,58,23.14712643678161
Kostner Ave & Wrightwood Ave,member,16,16.670833333333324
Laflin St & Cullerton St,casual,1139,27.277275387767048
Laflin St & Cullerton St,member,1230,15.278766937669376
Lake Park Ave & 35th St,casual,2235,58.44742729306488
Lake Park Ave & 35th St,member,971,25.133367662203913
Lake Park Ave & 47th St,casual,1338,42.2670403587444
Lake Park Ave & 47th St,member,1174,19.37879045996593
Lake Park Ave & 53rd St,casual,3204,44.077725759467334
Lake Park Ave & 53rd St,member,2889,17.414168685819774
Lake Park Ave & 56th St,casual,2289,37.939995631280034
Lake Park Ave & 56th St,member,3608,12.531739652623799
Lake Shore Dr & Belmont Ave,casual,5349,34.836782576182465
Lake Shore Dr & Belmont Ave,member,4832,20.200127621412804
Lake Shore Dr & Diversey Pkwy,casual,5620,32.44997627520759
Lake Shore Dr & Diversey Pkwy,member,5261,18.217737439016663
Lake Shore Dr & Monroe St,casual,18870,43.14175234057587
Lake Shore Dr & Monroe St,member,5245,23.205757864632982
Lake Shore Dr & North Blvd,casual,14213,32.981267149792444
Lake Shore Dr & North Blvd,member,8479,18.91017415575736
Lake Shore Dr & Ohio St,casual,6018,42.55100254791182
Lake Shore Dr & Ohio St,member,4346,18.0672649179322
Lake Shore Dr & Wellington Ave,casual,4887,32.375373439738084
Lake Shore Dr & Wellington Ave,member,5576,18.55570301291248
Lakefront Trail & Bryn Mawr Ave,casual,7210,41.77723532131299
Lakefront Trail & Bryn Mawr Ave,member,8721,25.154269388067117
Lakefront Trail & Wilson Ave,casual,4395,44.63777019340159
Lakefront Trail & Wilson Ave,member,4828,22.415779480806407
Lakeview Ave & Fullerton Pkwy,casual,11458,27.516752487345087
Lakeview Ave & Fullerton Pkwy,member,12535,14.266142800159553
Lamon Ave & Armitage Ave,casual,34,28.383333333333326
Lamon Ave & Armitage Ave,member,4,19.570833333333315
Lamon Ave & Belmont Ave,casual,27,27.577777777777776
Lamon Ave & Belmont Ave,member,27,14.3141975308642
Lamon Ave & Chicago Ave,casual,5,46.5033333333334
Laramie Ave & Gladys Ave,casual,46,34.6576086956522
Laramie Ave & Gladys Ave,member,17,12.735294117647063
Laramie Ave & Kinzie St,casual,119,27.525910364145656
Laramie Ave & Kinzie St,member,29,49.45574712643676
Laramie Ave & Madison St,casual,91,59.70695970695967
Laramie Ave & Madison St,member,57,25.10204678362573
Larrabee St & Armitage Ave,casual,4383,20.399547494106017
Larrabee St & Armitage Ave,member,6596,12.116729836264403
Larrabee St & Division St,casual,4845,16.581200550395597
Larrabee St & Division St,member,7104,9.848592342342343
Larrabee St & Kingsbury St,casual,4285,18.564161804745236
Larrabee St & Kingsbury St,member,11436,9.476906260930395
Larrabee St & Menomonee St,casual,2037,20.595254459171983
Larrabee St & Menomonee St,member,3931,12.0337488340541
Larrabee St & North Ave,casual,3189,17.312773074108915
Larrabee St & North Ave,member,4650,11.171602150537634
Larrabee St & Oak St,casual,2265,19.56337012509198
Larrabee St & Oak St,member,5457,10.258466190214405
Larrabee St & Webster Ave,casual,12530,19.922077680234107
Larrabee St & Webster Ave,member,13924,12.44771138561716
LaSalle Dr & Huron St,casual,6377,23.5847185196801
LaSalle Dr & Huron St,member,8312,11.821264436958614
LaSalle St & Adams St,casual,2353,32.511099305850685
LaSalle St & Adams St,member,3166,11.278627079385133
LaSalle St & Illinois St,casual,11916,25.9636301331543
LaSalle St & Illinois St,member,11771,12.770090335004106
LaSalle St & Jackson Blvd,casual,3234,31.694650587507727
LaSalle St & Jackson Blvd,member,8305,10.82501705799719
LaSalle St & Washington St,casual,3188,28.28423253868674
LaSalle St & Washington St,member,6584,11.176293539894694
Latrobe Ave & Chicago Ave,casual,81,46.87592592592593
Latrobe Ave & Chicago Ave,member,24,16.265972222222224
Lavergne & Fullerton,casual,25,27.226666666666652
Lavergne & Fullerton,member,19,30.794736842105262
Lavergne Ave & 46th St,casual,7,29.16666666666666
Lavergne Ave & 46th St,member,2,27.158333333333303
Lavergne Ave & Division St,casual,19,32.71754385964912
Lavergne Ave & Division St,member,2,20.783333333333335
Lawler Ave & 50th St,casual,13,38.39487179487179
Lawler Ave & 50th St,member,14,30.717857142857156
Lawndale Ave & 111th St,casual,204,49.77736928104575
Lawndale Ave & 111th St,member,14,12.982142857142861
Lawndale Ave & 16th St,casual,13,47.253846153846126
Lawndale Ave & 16th St,member,1,3.88333333333333
Lawndale Ave & 30th St,casual,55,22.998787878787887
Lawndale Ave & 30th St,member,2,23.84166666666665
Leamington Ave & Hirsch St,casual,9,24.277777777777768
Leavitt St & Addison St,casual,1020,22.80375816993464
Leavitt St & Addison St,member,1410,17.901040189125297
Leavitt St & Archer Ave,casual,306,33.84836601307189
Leavitt St & Archer Ave,member,422,24.648420221169037
Leavitt St & Armitage Ave,casual,2327,22.30738432889271
Leavitt St & Armitage Ave,member,3030,13.991336633663366
Leavitt St & Belmont Ave,casual,1655,23.47463242698892
Leavitt St & Belmont Ave,member,2103,14.733792994135362
Leavitt St & Chicago Ave,casual,1812,20.04794885945548
Leavitt St & Chicago Ave,member,2663,15.161246714232071
Leavitt St & Division St,casual,1600,20.145177083333333
Leavitt St & Division St,member,2677,12.62908728676379
Leavitt St & Lawrence Ave,casual,924,26.71010101010101
Leavitt St & Lawrence Ave,member,1777,11.782761208028512
Leavitt St & North Ave,casual,3038,22.823332236120255
Leavitt St & North Ave,member,3560,14.291647940074906
Lincoln Ave & Addison St,casual,1473,24.170773930753573
Lincoln Ave & Addison St,member,1768,15.442675339366515
Lincoln Ave & Balmoral Ave,casual,5,23.78333333333336
Lincoln Ave & Balmoral Ave,member,26,13.597435897435888
Lincoln Ave & Belle Plaine Ave,casual,1924,21.192238392238394
Lincoln Ave & Belle Plaine Ave,member,3793,14.582915897706302
Lincoln Ave & Belmont Ave,casual,4172,21.42193991690636
Lincoln Ave & Belmont Ave,member,6894,11.636809786287593
Lincoln Ave & Diversey Pkwy,casual,6130,17.687697117998912
Lincoln Ave & Diversey Pkwy,member,9557,10.87956646088382
Lincoln Ave & Fullerton Ave,casual,10328,20.81518687064291
Lincoln Ave & Fullerton Ave,member,12693,11.779637070301217
Lincoln Ave & Peterson Ave,casual,1,14.6833333333333
Lincoln Ave & Peterson Ave,member,4,9.995833333333318
Lincoln Ave & Roscoe St,casual,4419,20.26794900807121
Lincoln Ave & Roscoe St,member,6974,12.20251648981933
Lincoln Ave & Sunnyside Ave,casual,1631,23.55262620069487
Lincoln Ave & Sunnyside Ave,member,3402,13.980393885949441
Lincoln Ave & Waveland Ave,casual,1733,20.466916714752838
Lincoln Ave & Waveland Ave,member,3279,13.54261461827793
Lincoln Ave & Winona St,casual,928,28.621030890804594
Lincoln Ave & Winona St,member,1287,16.606565656565657
Lincoln Park Conservatory,casual,9020,38.533065410199555
Lincoln Park Conservatory,member,5635,17.043655723158828
Lincolnwood Dr & Central St,casual,230,52.05913043478261
Lincolnwood Dr & Central St,member,478,23.350383542538353
Lockwood Ave & Wrightwood Ave,casual,66,24.504545454545458
Lockwood Ave & Wrightwood Ave,member,20,14.420000000000003
Logan Blvd & Elston Ave,casual,2473,22.808134519477015
Logan Blvd & Elston Ave,member,2772,15.3237493987494
Long & Irving Park,casual,82,26.911788617886174
Long & Irving Park,member,54,17.841358024691356
Long Ave & Belden Ave,casual,23,17.32028985507246
Long Ave & Belden Ave,member,10,19.281666666666666
Long Ave & Belmont Ave,casual,37,16.74234234234234
Long Ave & Belmont Ave,member,41,16.48048780487805
Long Ave & North Ave,casual,9,25.99814814814815
Long Ave & North Ave,member,1,13.4166666666667
Loomis Blvd & 84th St,casual,113,45.96401179941003
Loomis Blvd & 84th St,member,38,25.528947368421054
Loomis St & 89th St,casual,77,26.341341991341988
Loomis St & 89th St,member,3,16.449999999999978
Loomis St & Archer Ave,casual,445,32.252509363295886
Loomis St & Archer Ave,member,761,14.269973718791064
Loomis St & Jackson Blvd,casual,1970,21.712724196277495
Loomis St & Jackson Blvd,member,4707,11.462283124424616
Loomis St & Lexington St,casual,2537,20.97480620155039
Loomis St & Lexington St,member,13370,10.357661431064573
Lyft Driver Center Private Rack,member,1,7.75
Major Ave & Bloomingdale Ave,casual,24,30.488888888888887
Major Ave & Bloomingdale Ave,member,2,19.049999999999986
Major Taylor Trail & 115th St,casual,109,47.93730886850154
Major Taylor Trail & 115th St,member,13,26.697435897435902
Major Taylor Trail & 124th St,casual,82,61.17378048780488
Major Taylor Trail & 124th St,member,10,15.030000000000003
Malcolm X College,casual,2,41.65833333333335
Malcolm X College,member,26,17.53974358974359
Malcolm X College Vaccination Site,casual,826,28.782869249394675
Malcolm X College Vaccination Site,member,891,17.63726150392817
Manor Ave & Leland Ave,casual,473,32.854651162790695
Manor Ave & Leland Ave,member,1205,16.60728907330567
Maplewood Ave & 59th St,casual,9,25.97037037037037
Maplewood Ave & 59th St,member,1,7.56666666666667
Maplewood Ave & Peterson Ave,casual,325,36.770820512820514
Maplewood Ave & Peterson Ave,member,223,20.355530642750374
Marine Dr & Ainslie St,casual,3841,40.694142150481646
Marine Dr & Ainslie St,member,4408,18.144351179673322
Marquette Ave & 89th St,casual,108,52.77469135802469
Marquette Ave & 89th St,member,10,15.508333333333322
Marshfield Ave & 44th St,casual,71,23.879107981220663
Marshfield Ave & 44th St,member,206,20.914077669902913
Marshfield Ave & 59th St,casual,36,42.85
Marshfield Ave & 59th St,member,16,18.356249999999996
Marshfield Ave & Cortland St,casual,717,21.960088331008826
Marshfield Ave & Cortland St,member,1328,14.261470883534137
Maryland Ave & 104th St,casual,21,24.025396825396825
Mason Ave & Belmont Ave,casual,56,24.486607142857146
Mason Ave & Belmont Ave,member,5,21.87666666666668
May St & 69th St,casual,62,32.85241935483871
May St & 69th St,member,34,46.04754901960785
May St & Cullerton St,casual,901,25.80664076951535
May St & Cullerton St,member,1121,15.736485280999108
May St & Taylor St,casual,2412,26.060544499723605
May St & Taylor St,member,7042,10.396475906465966
McClurg Ct & Erie St,casual,7532,34.14822977518145
McClurg Ct & Erie St,member,12373,14.45370295535979
McClurg Ct & Ohio St,casual,66,33.336868686868684
McClurg Ct & Ohio St,member,118,12.255649717514125
McCormick Place,casual,3016,37.563002873563214
McCormick Place,member,1067,16.784254920337393
Meade Ave & Addison St,casual,35,21.50809523809525
Meade Ave & Addison St,member,26,14.806410256410258
Meade Ave & Diversey Ave,casual,32,24.893750000000004
Meade Ave & Diversey Ave,member,7,52.03333333333329
Menard Ave & Division St,casual,22,35.247727272727275
Menard Ave & Division St,member,1,7.61666666666667
Menard Ave & North Ave,casual,4,20.137500000000017
Menard Ave & North Ave,member,1,10.7666666666667
Michigan Ave & 114th St,casual,66,45.327020202020186
Michigan Ave & 114th St,member,7,48.952380952381
Michigan Ave & 14th St,casual,5366,30.875211206361037
Michigan Ave & 14th St,member,8364,13.933831500079707
Michigan Ave & 18th St,casual,3601,33.305840970100896
Michigan Ave & 18th St,member,6060,13.763877887788778
Michigan Ave & 71st St,casual,70,48.42761904761906
Michigan Ave & 71st St,member,18,30.22777777777777
Michigan Ave & 8th St,casual,12895,40.812264443582784
Michigan Ave & 8th St,member,5631,15.371245486296099
Michigan Ave & Ida B Wells Dr,casual,5005,40.74512154512154
Michigan Ave & Ida B Wells Dr,member,2716,13.812573637702503
Michigan Ave & Jackson Blvd,casual,7765,43.81160978750805
Michigan Ave & Jackson Blvd,member,3610,14.33702216066482
Michigan Ave & Lake St,casual,13818,36.9603765619723
Michigan Ave & Lake St,member,10631,13.068975950835606
Michigan Ave & Madison St,casual,6370,38.733218210361066
Michigan Ave & Madison St,member,5434,13.07522083179978
Michigan Ave & Oak St,casual,28336,40.70586062488236
Michigan Ave & Oak St,member,13846,20.732587028744764
Michigan Ave & Pearson St,casual,7585,37.293845308723355
Michigan Ave & Pearson St,member,5381,15.741600074335626
Michigan Ave & Washington St,casual,13520,41.76831607495069
Michigan Ave & Washington St,member,10448,13.090219818785094
Mies van der Rohe Way & Chestnut St,casual,7769,34.830898442527996
Mies van der Rohe Way & Chestnut St,member,10226,14.937834930569139
Mies van der Rohe Way & Chicago Ave,casual,5998,34.385181171501614
Mies van der Rohe Way & Chicago Ave,member,10215,14.954663077174091
Millard Ave & 26th St,casual,167,19.607285429141715
Millard Ave & 26th St,member,66,18.82676767676767
Millennium Park,casual,31801,44.84070469482092
Millennium Park,member,8108,17.436860713698405
Milwaukee Ave & Cuyler Ave,casual,272,46.04877450980394
Milwaukee Ave & Cuyler Ave,member,380,21.464166666666667
Milwaukee Ave & Fullerton Ave,casual,43,16.508527131782948
Milwaukee Ave & Fullerton Ave,member,51,11.106862745098042
Milwaukee Ave & Grand Ave,casual,7652,18.98087645931347
Milwaukee Ave & Grand Ave,member,10668,11.30581958505187
Milwaukee Ave & Rockwell St,casual,2030,22.67665845648604
Milwaukee Ave & Rockwell St,member,2388,17.37567001675042
Milwaukee Ave & Wabansia Ave,casual,5143,24.432140773867395
Milwaukee Ave & Wabansia Ave,member,7380,13.210415537488707
MLK Jr Dr & 29th St,casual,1584,37.34208754208754
MLK Jr Dr & 29th St,member,5910,11.66748730964467
MLK Jr Dr & 47th St,casual,605,42.77162534435261
MLK Jr Dr & 47th St,member,189,25.185449735449733
MLK Jr Dr & 56th St,casual,237,26.629254571026724
MLK Jr Dr & 56th St,member,146,14.10810502283105
MLK Jr Dr & 63rd St,casual,183,25.979690346083785
MLK Jr Dr & 63rd St,member,121,15.692424242424243
MLK Jr Dr & 83rd St,casual,47,43.48120567375887
MLK Jr Dr & 83rd St,member,16,30.97291666666667
MLK Jr Dr & Pershing Rd,casual,682,37.54120234604105
MLK Jr Dr & Pershing Rd,member,500,15.295366666666668
Monticello Ave & Chicago Ave,casual,7,33.79761904761904
Monticello Ave & Chicago Ave,member,4,13.616666666666665
Monticello Ave & Irving Park Rd,casual,625,31.754560000000005
Monticello Ave & Irving Park Rd,member,491,16.597284453496265
Montrose Harbor,casual,11246,39.344598079317095
Montrose Harbor,member,7858,22.189365402562146
Morgan Ave & 14th Pl,casual,1032,24.386208010335917
Morgan Ave & 14th Pl,member,3682,13.05957360130364
Morgan St & 18th St,casual,1991,26.330311401305877
Morgan St & 18th St,member,2562,13.755139214155607
Morgan St & 31st St,casual,1141,27.21254747297692
Morgan St & 31st St,member,2053,16.43455106348433
Morgan St & Lake St,casual,8603,22.542707970087953
Morgan St & Lake St,member,10253,13.132959459020125
Morgan St & Pershing Rd,casual,93,20.684050179211475
Morgan St & Pershing Rd,member,94,11.919503546099287
Morgan St & Polk St,casual,1745,20.135969436485194
Morgan St & Polk St,member,8271,10.057556522790472
Mozart St & Jackson Blvd,casual,2,43.96666666666665
Mozart St & Jackson Blvd,member,7,7.190476190476196
Mulligan Ave & Wellington Ave,casual,36,23.99490740740739
Mulligan Ave & Wellington Ave,member,20,14.619999999999992
Museum of Science and Industry,casual,3294,50.365143695608175
Museum of Science and Industry,member,1812,24.252786975717438
N Carpenter St & W Lake St,casual,81,13.324897119341564
N Carpenter St & W Lake St,member,170,11.683039215686275
N Clark St & W Elm St,casual,3,6.194444444444443
N Clark St & W Elm St,member,7,9.321428571428571
N Damen Ave & W Chicago Ave,casual,5,17.586666666666655
N Damen Ave & W Chicago Ave,member,6,9.122222222222229
N Green St & W Lake St,casual,891,18.034848484848485
N Green St & W Lake St,member,932,11.650786838340485
N Hampden Ct & W Diversey Ave,member,1,16.1
N Paulina St & Lincoln Ave,casual,50,20.097999999999992
N Paulina St & Lincoln Ave,member,66,9.246969696969694
N Sheffield Ave & W Wellington Ave,casual,282,13.509692671394802
N Sheffield Ave & W Wellington Ave,member,227,10.520190895741557
N Shore Channel Trail & Argyle Ave,member,1,26.4333333333333
N Southport Ave & W Newport Ave,casual,173,12.761753371868979
N Southport Ave & W Newport Ave,member,143,10.557109557109557
Narragansett & Irving Park,casual,27,33.760493827160495
Narragansett & Irving Park,member,5,18.843333333333327
Narragansett & McLean,casual,13,18.96282051282052
Narragansett & McLean,member,3,8.30000000000001
Narragansett & Wrightwood,casual,43,27.733333333333327
Narragansett & Wrightwood,member,15,25.6
Narragansett Ave & School St,casual,29,35.47701149425286
Narragansett Ave & School St,member,13,29.28461538461536
New St & Illinois St,casual,14547,34.63227813294837
New St & Illinois St,member,11080,15.072445848375452
Noble St & Milwaukee Ave,casual,3303,20.27518922191947
Noble St & Milwaukee Ave,member,5775,13.307111111111112
Nordica & Medill,casual,29,44.94367816091953
Nordica & Medill,member,25,21.40466666666667
Normal Ave & Archer Ave,casual,315,28.118095238095247
Normal Ave & Archer Ave,member,853,12.856565064478312
North Ave & New England Ave,casual,13,17.980769230769226
North Ave & New England Ave,member,8,13.427083333333337
Oak Park & Wellington,casual,50,31.471666666666668
Oak Park & Wellington,member,16,20.253125
Oakley Ave & Irving Park Rd,casual,955,26.556125654450256
Oakley Ave & Irving Park Rd,member,1204,16.34576411960133
Oakley Ave & Touhy Ave,casual,285,25.803157894736845
Oakley Ave & Touhy Ave,member,219,14.084246575342467
Ogden Ave & Chicago Ave,casual,4788,21.020140629351154
Ogden Ave & Chicago Ave,member,6153,11.753394008342813
Ogden Ave & Congress Pkwy,casual,661,22.8600857286939
Ogden Ave & Congress Pkwy,member,2023,14.598846597462515
Ogden Ave & Race Ave,casual,3325,19.46615037593985
Ogden Ave & Race Ave,member,7034,12.844628471234953
Ogden Ave & Roosevelt Rd,casual,611,24.92804146208401
Ogden Ave & Roosevelt Rd,member,855,14.6375828460039
Oglesby Ave & 100th St,casual,81,45.758641975308635
Oglesby Ave & 100th St,member,13,8.224358974358982
Oketo Ave & Addison St,casual,36,32.56203703703702
Olive Harvey College,casual,1,38.5666666666667
Orange & Addison,casual,30,29.15111111111111
Orange & Addison,member,3,11.238888888888876
Orleans St & Chestnut St (NEXT Apts),casual,4494,18.602032339415516
Orleans St & Chestnut St (NEXT Apts),member,6685,9.789097481924706
Orleans St & Elm St,casual,2248,19.424762752075917
Orleans St & Elm St,member,3334,11.111462707458507
Orleans St & Hubbard St,casual,3229,19.577505935790235
Orleans St & Hubbard St,member,6665,9.714856214053514
Orleans St & Merchandise Mart Plaza,casual,6276,18.113416188655197
Orleans St & Merchandise Mart Plaza,member,12208,10.541549257317605
Panama Ave & Grace St,casual,14,60.21666666666668
Parkside Ave & Armitage Ave,casual,12,37.783333333333324
Paulina Ave & North Ave,casual,4261,20.73383790972385
Paulina Ave & North Ave,member,5268,14.528299797519615
Paulina St & 18th St,casual,1637,25.71534310731012
Paulina St & 18th St,member,2236,15.701811270125223
Paulina St & Flournoy St,casual,1837,18.481174015605152
Paulina St & Flournoy St,member,8140,14.111179361179362
Paulina St & Howard St,casual,787,28.322024565861923
Paulina St & Howard St,member,1185,11.256582278481012
Paulina St & Montrose Ave,casual,1140,23.570365497076025
Paulina St & Montrose Ave,member,2020,12.708110561056106
Peoria St & Jackson Blvd,casual,4962,23.101907832863095
Peoria St & Jackson Blvd,member,9986,11.604961946725416
Perry Ave & 69th St,casual,149,36.12762863534676
Perry Ave & 69th St,member,31,12.606989247311823
Phillips Ave & 79th St,casual,184,68.33668478260867
Phillips Ave & 79th St,member,90,26.97185185185185
Phillips Ave & 83rd St,casual,79,52.464767932489444
Phillips Ave & 83rd St,member,10,40.17666666666663
Pine Grove Ave & Irving Park Rd,casual,5901,28.26783313562673
Pine Grove Ave & Irving Park Rd,member,8215,13.550139987827146
Pine Grove Ave & Waveland Ave,casual,7959,28.758269464338067
Pine Grove Ave & Waveland Ave,member,11488,15.17114670380687
Ping Tom Park (East),casual,6,8.13055555555555
Ping Tom Park (East),member,9,13.879629629629633
Plainfield & Irving Park,casual,41,46.9780487804878
Plainfield & Irving Park,member,1,27.3166666666667
Prairie Ave & 43rd St,casual,618,34.99846278317152
Prairie Ave & 43rd St,member,304,14.077357456140353
Prairie Ave & Garfield Blvd,casual,582,32.47671821305841
Prairie Ave & Garfield Blvd,member,515,10.503754045307446
Princeton Ave & 47th St,casual,251,19.42855245683931
Princeton Ave & 47th St,member,113,11.665486725663717
Princeton Ave & Garfield Blvd,casual,191,23.311518324607338
Princeton Ave & Garfield Blvd,member,112,14.461755952380953
Prospect Sq & 91st St,casual,167,44.159181636726544
Prospect Sq & 91st St,member,41,28.95853658536585
Pulaski & Ann Lurie Pl,casual,4,15.958333333333343
Pulaski & Ann Lurie Pl,member,1,7.45
Pulaski Rd & 21st St,casual,17,15.463725490196063
Pulaski Rd & 21st St,member,5,9.84666666666666
Pulaski Rd & 51st St,casual,13,14.279487179487186
Pulaski Rd & 51st St,member,5,17.29000000000001
Pulaski Rd & 60th St,casual,2,20.38333333333335
Pulaski Rd & 60th St,member,4,69.07916666666658
Pulaski Rd & Congress Pkwy,casual,112,45.06934523809524
Pulaski Rd & Congress Pkwy,member,12,26.086111111111105
Pulaski Rd & Eddy St (Temp),casual,285,37.1991812865497
Pulaski Rd & Eddy St (Temp),member,155,18.949139784946237
Pulaski Rd & Lake St,casual,112,40.02693452380954
Pulaski Rd & Lake St,member,75,20.239555555555555
Racine Ave & 13th St,casual,617,30.536358725013507
Racine Ave & 13th St,member,516,11.518152454780363
Racine Ave & 15th St,casual,1178,21.514841539332203
Racine Ave & 15th St,member,1720,13.869147286821706
Racine Ave & 18th St,casual,2652,26.5585407239819
Racine Ave & 18th St,member,4286,13.597351843210452
Racine Ave & 35th St,casual,468,24.550356125356124
Racine Ave & 35th St,member,563,16.078271166370634
Racine Ave & 61st St,casual,26,41.278846153846146
Racine Ave & 61st St,member,13,34.93333333333333
Racine Ave & 65th St,casual,35,143.10999999999999
Racine Ave & 65th St,member,8,15.856249999999989
Racine Ave & Belmont Ave,casual,6922,18.34747905229702
Racine Ave & Belmont Ave,member,7227,12.489716802730502
Racine Ave & Congress Pkwy,casual,1406,21.59140587956377
Racine Ave & Congress Pkwy,member,3928,10.997352342158859
Racine Ave & Fullerton Ave,casual,4672,18.16525399543379
Racine Ave & Fullerton Ave,member,9816,11.457226297201847
Racine Ave & Garfield Blvd,casual,91,35.517032967032975
Racine Ave & Garfield Blvd,member,16,17.133333333333347
Racine Ave & Randolph St,casual,2122,20.886757775683318
Racine Ave & Randolph St,member,3092,11.783074601121173
Racine Ave & Washington Blvd,casual,1937,20.032257786955775
Racine Ave & Washington Blvd,member,3173,12.266845256854712
Racine Ave & Wrightwood Ave,casual,3198,17.912539086929335
Racine Ave & Wrightwood Ave,member,5234,10.456642465927906
Rainbow Beach,casual,191,58.3674520069808
Rainbow Beach,member,63,31.2489417989418
Ravenswood Ave & Berteau Ave,casual,969,25.953216374268997
Ravenswood Ave & Berteau Ave,member,2498,12.631104883907126
Ravenswood Ave & Irving Park Rd,casual,1692,23.09009062253743
Ravenswood Ave & Irving Park Rd,member,3645,15.02992226794696
Ravenswood Ave & Lawrence Ave,casual,3947,21.520099653745458
Ravenswood Ave & Lawrence Ave,member,7748,11.486493288590605
Rhodes Ave & 32nd St,casual,1186,45.378752107925806
Rhodes Ave & 32nd St,member,2872,13.47172121634169
Rhodes Ave & 71st St,casual,64,53.581250000000004
Rhodes Ave & 71st St,member,7,24.57619047619046
Richmond St & 59th St,casual,14,54.049999999999926
Richmond St & 59th St,member,1,9.3
Richmond St & Diversey Ave,casual,1032,24.647577519379844
Richmond St & Diversey Ave,member,928,17.190840517241377
Richmond St & Lincoln Ave,casual,2,28.3166666666667
Richmond St & Lincoln Ave,member,9,13.379629629629644
Ridge Blvd & Howard St,casual,277,27.530264741275573
Ridge Blvd & Howard St,member,443,8.079721595184349
Ridge Blvd & Touhy Ave,casual,324,22.89521604938272
Ridge Blvd & Touhy Ave,member,306,12.405936819172112
Ritchie Ct & Banks St,casual,6314,25.034098828001266
Ritchie Ct & Banks St,member,7475,15.304898550724637
Rockwell St & 57th St,casual,19,19.872807017543863
Rockwell St & Archer Ave,casual,16,16.381249999999998
Rockwell St & Archer Ave,member,8,23.485416666666673
Rockwell St & Cermak Rd,casual,15,13.24777777777778
Rockwell St & Cermak Rd,member,4,8.12500000000001
Rockwell St & Eastwood Ave,casual,664,27.904417670682733
Rockwell St & Eastwood Ave,member,1973,14.622039195810103
Rockwell St & Fletcher St,casual,27,15.209259259259257
Rockwell St & Fletcher St,member,20,12.225000000000005
Roscoe & Harlem,casual,11,48.830303030303
Roscoe & Harlem,member,9,15.718518518518522
Rush St & Cedar St,casual,9003,27.15702543596579
Rush St & Cedar St,member,10889,13.865335047601555
Rush St & Hubbard St,casual,4285,33.42123687281214
Rush St & Hubbard St,member,5418,12.853377630121816
Rush St & Superior St,casual,8532,30.37980543834974
Rush St & Superior St,member,10946,12.943279127839698
S Aberdeen St & W 106th St,casual,7,47.88095238095239
S Aberdeen St & W 106th St,member,4,29.095833333333324
S Michigan Ave & E 118th St,casual,3,38.18333333333333
S Michigan Ave & E 118th St,member,2,14.96666666666665
S Wentworth Ave & W 111th St,casual,4,13.395833333333343
Sacramento Ave & 25th St,member,3,7.5722222222222335
Sacramento Ave & Pershing Rd,casual,15,19.977777777777778
Sacramento Ave & Pershing Rd,member,4,20.94166666666666
Sacramento Blvd & Addison St,casual,5,10.466666666666672
Sacramento Blvd & Addison St,member,7,9.27857142857144
Sacramento Blvd & Franklin Blvd,casual,134,29.400621890547267
Sacramento Blvd & Franklin Blvd,member,222,17.410585585585583
Sacramento Blvd & Fulton Ave,casual,4,27.033333333333342
Sacramento Blvd & Fulton Ave,member,3,14.466666666666667
Sacramento Blvd & Polk St,member,1,13.6166666666667
Sangamon St & Washington Blvd,casual,3996,20.052081247914582
Sangamon St & Washington Blvd,member,6127,12.00886513247375
Sawyer Ave & Irving Park Rd,casual,534,29.83277153558053
Sawyer Ave & Irving Park Rd,member,428,15.870950155763241
Sayre & Diversey,casual,29,26.080459770114945
Sayre & Diversey,member,6,28.577777777777776
Sedgwick St & Huron St,casual,4064,18.699110072178478
Sedgwick St & Huron St,member,9425,10.610631299734749
Sedgwick St & North Ave,casual,7609,21.003090638279232
Sedgwick St & North Ave,member,8923,11.445717060779259
Sedgwick St & Schiller St,casual,2587,20.46910191985569
Sedgwick St & Schiller St,member,3138,12.473937752283833
Sedgwick St & Webster Ave,casual,6582,21.15026587663324
Sedgwick St & Webster Ave,member,8894,13.077762161756988
Seeley Ave & Garfield Blvd,casual,40,44.273333333333326
Seeley Ave & Garfield Blvd,member,23,18.253623188405808
Seeley Ave & Roscoe St,casual,2415,21.78182884748102
Seeley Ave & Roscoe St,member,3009,15.55427606070677
Shedd Aquarium,casual,22278,35.47273468593829
Shedd Aquarium,member,4735,20.83094684970081
Sheffield Ave & Fullerton Ave,casual,6534,18.139697479848994
Sheffield Ave & Fullerton Ave,member,11248,9.45231004030346
Sheffield Ave & Kingsbury St,casual,4751,18.2522942538413
Sheffield Ave & Kingsbury St,member,9128,11.723338445807771
Sheffield Ave & Waveland Ave,casual,9980,25.297005678022714
Sheffield Ave & Waveland Ave,member,8904,13.161872941000299
Sheffield Ave & Webster Ave,casual,7495,18.937963086502112
Sheffield Ave & Webster Ave,member,9419,11.534124287787098
Sheffield Ave & Wellington Ave,casual,7511,18.86654906137665
Sheffield Ave & Wellington Ave,member,10128,12.421226632438126
Sheffield Ave & Willow St,casual,4645,17.720997488338718
Sheffield Ave & Willow St,member,8713,11.245965798232525
Sheffield Ave & Wrightwood Ave,casual,7748,18.52285320943039
Sheffield Ave & Wrightwood Ave,member,8133,11.501579982786179
Sheridan Rd & Buena Ave,casual,3182,21.27568091347161
Sheridan Rd & Buena Ave,member,5540,12.438360409145607
Sheridan Rd & Columbia Ave,casual,1368,37.94822124756335
Sheridan Rd & Columbia Ave,member,2400,15.634090277777778
Sheridan Rd & Greenleaf Ave,casual,1067,36.935207747578886
Sheridan Rd & Greenleaf Ave,member,1136,19.744718309859156
Sheridan Rd & Irving Park Rd,casual,5428,21.254436870547778
Sheridan Rd & Irving Park Rd,member,8627,11.152426490475639
Sheridan Rd & Lawrence Ave,casual,2296,28.58433507549361
Sheridan Rd & Lawrence Ave,member,3687,13.338070698851823
Sheridan Rd & Loyola Ave,casual,2143,44.33709752683154
Sheridan Rd & Loyola Ave,member,2362,15.473525261078183
Sheridan Rd & Montrose Ave,casual,5658,22.05662189230588
Sheridan Rd & Montrose Ave,member,8909,12.597244359636322
Sheridan Rd & Noyes St (NU),casual,2506,32.564864325618515
Sheridan Rd & Noyes St (NU),member,2692,15.636218424962852
Shields Ave & 28th Pl,casual,602,24.353128460686595
Shields Ave & 28th Pl,member,1004,16.00537848605578
Shields Ave & 31st St,casual,590,26.650451977401133
Shields Ave & 31st St,member,2447,10.392453344231031
Shields Ave & 43rd St,casual,81,32.61543209876543
Shields Ave & 43rd St,member,34,20.813235294117643
Shore Dr & 55th St,casual,6214,44.84362729320888
Shore Dr & 55th St,member,5967,19.025741578682755
Smith Park,casual,774,25.967958656330747
Smith Park,member,1210,16.019683195592286
South Chicago Ave & 83rd St,casual,83,23.270281124497988
South Chicago Ave & 83rd St,member,16,21.14270833333334
South Chicago Ave & Elliot Ave,casual,21,48.69206349206348
South Chicago Ave & Elliot Ave,member,4,24.65416666666667
South Shore Dr & 67th St,casual,766,55.796910356832036
South Shore Dr & 67th St,member,484,22.675447658402202
South Shore Dr & 71st St,casual,849,56.15963879073419
South Shore Dr & 71st St,member,750,31.262355555555555
South Shore Dr & 74th St,casual,320,50.97770833333334
South Shore Dr & 74th St,member,175,16.956285714285716
Southport Ave & Belmont Ave,casual,5017,18.13096471995216
Southport Ave & Belmont Ave,member,5128,12.563078523140925
Southport Ave & Clark St,casual,1357,20.371125030704988
Southport Ave & Clark St,member,2013,13.771824805431361
Southport Ave & Clybourn Ave,casual,4011,19.26477187733732
Southport Ave & Clybourn Ave,member,5489,13.436084289791705
Southport Ave & Irving Park Rd,casual,2730,20.371275946275944
Southport Ave & Irving Park Rd,member,4714,11.147864517041437
Southport Ave & Roscoe St,casual,8619,20.774846269868895
Southport Ave & Roscoe St,member,10358,12.902366930552875
Southport Ave & Waveland Ave,casual,7249,20.66955442129949
Southport Ave & Waveland Ave,member,10521,11.65811076260178
Southport Ave & Wellington Ave,casual,5354,18.07930207944216
Southport Ave & Wellington Ave,member,7378,11.97759329538267
Southport Ave & Wrightwood Ave,casual,6207,16.041823747381986
Southport Ave & Wrightwood Ave,member,6044,11.735059563203176
Spaulding Ave & 16th St,casual,41,27.396747967479687
Spaulding Ave & 16th St,member,8,33.975
Spaulding Ave & 63rd St,casual,10,29.57666666666667
Spaulding Ave & 63rd St,member,3,54.88333333333333
Spaulding Ave & Armitage Ave,casual,1879,30.295121518538224
Spaulding Ave & Armitage Ave,member,1465,17.7340614334471
Spaulding Ave & Division St,casual,850,30.067921568627447
Spaulding Ave & Division St,member,893,17.497611048898843
Springfield Ave & 47th St,casual,3,31.0111111111111
Springfield Ave & 47th St,member,3,13.716666666666667
St Louis Ave & 59th St,casual,4,16.4375
St Louis Ave & Norman Bobbins Ave,casual,9,20.687037037037047
St. Clair St & Erie St,casual,10200,34.120491830065355
St. Clair St & Erie St,member,18029,14.386587350010169
St. Louis Ave & Balmoral Ave,casual,379,34.693403693931394
St. Louis Ave & Balmoral Ave,member,379,19.568557607739667
St. Louis Ave & Fullerton Ave,casual,1293,31.12104923949472
St. Louis Ave & Fullerton Ave,member,1177,19.673265363919572
State St & 123rd St,casual,154,40.08939393939396
State St & 123rd St,member,5,8.460000000000006
State St & 19th St,casual,1493,36.69428443849073
State St & 19th St,member,1572,14.14393553859203
State St & 29th St,casual,349,42.22053486150907
State St & 29th St,member,374,15.650980392156862
State St & 33rd St,casual,1411,30.92819513347508
State St & 33rd St,member,7921,9.514118587720406
State St & 35th St,casual,988,29.2622975708502
State St & 35th St,member,2797,12.075300917649862
State St & 54th St,casual,140,32.38666666666667
State St & 54th St,member,55,20.586363636363632
State St & 76th St,casual,25,21.924666666666667
State St & 76th St,member,7,14.373809523809525
State St & 79th St,casual,209,22.643700159489637
State St & 79th St,member,62,12.424731182795696
State St & 95th St,casual,295,56.93073446327682
State St & 95th St,member,67,13.586567164179108
State St & Chicago Ave,casual,7,24.447619047619042
State St & Chicago Ave,member,12,10.293055555555549
State St & Harrison St,casual,4704,38.38194798752834
State St & Harrison St,member,4028,13.200413770274743
State St & Kinzie St,casual,9374,31.931685157527916
State St & Kinzie St,member,10519,13.645731533415724
State St & Pearson St,casual,5035,25.72107580271433
State St & Pearson St,member,6768,13.444547872340426
State St & Pershing Rd,casual,104,36.949358974358965
State St & Pershing Rd,member,171,17.17144249512671
State St & Randolph St,casual,9271,31.408742314744902
State St & Randolph St,member,9979,12.420756922871362
State St & Van Buren St,casual,3612,36.50736895533407
State St & Van Buren St,member,4732,13.060798816568047
Stave St & Armitage Ave,casual,1986,24.702383350117486
Stave St & Armitage Ave,member,2334,15.970729791488147
Stetson Ave & South Water St,casual,5683,37.12388996422077
Stetson Ave & South Water St,member,6662,12.109118883218253
Stewart Ave & 63rd St,casual,87,32.05344827586206
Stewart Ave & 63rd St,member,35,13.005714285714285
Stewart Ave & 83rd St,casual,136,36.764705882352935
Stewart Ave & 83rd St,member,13,19.525641025641026
Stockton Dr & Wrightwood Ave,casual,8464,27.361001496534342
Stockton Dr & Wrightwood Ave,member,9302,15.751908191786713
Stony Island Ave & 64th St,casual,357,46.11699346405229
Stony Island Ave & 64th St,member,106,15.007861635220129
Stony Island Ave & 67th St,casual,295,51.17706214689266
Stony Island Ave & 67th St,member,74,18.298873873873873
Stony Island Ave & 71st St,casual,297,57.475028058361396
Stony Island Ave & 71st St,member,42,15.705555555555557
Stony Island Ave & 75th St,casual,190,40.28315789473685
Stony Island Ave & 75th St,member,113,25.076696165191738
Stony Island Ave & 82nd St,casual,118,30.73050847457628
Stony Island Ave & 82nd St,member,78,14.710042735042734
Stony Island Ave & 90th St,casual,88,36.227840909090915
Stony Island Ave & 90th St,member,45,22.38444444444444
Stony Island Ave & South Chicago Ave,casual,123,22.599457994579943
Stony Island Ave & South Chicago Ave,member,30,17.87944444444443
Streeter Dr & Grand Ave,casual,63688,39.775396987396896
Streeter Dr & Grand Ave,member,15479,21.639855072463767
Summit Ave & 86th St,casual,70,34.94404761904764
Summit Ave & 86th St,member,10,16.625000000000014
Talman Ave & Addison St,casual,1002,29.37939121756487
Talman Ave & Addison St,member,1562,18.321756295347843
Theater on the Lake,casual,20379,34.1102024960335
Theater on the Lake,member,14960,20.95547571301248
Throop St & 52nd St,casual,64,44.538020833333334
Throop St & 52nd St,member,10,16.799999999999997
Throop St & Taylor St,casual,1501,22.150122140795027
Throop St & Taylor St,member,5461,10.204196423121529
Torrence Ave & 106th St,casual,47,41.55744680851066
Torrence Ave & 106th St,member,1,18.1666666666667
Torrence Ave & 126th Pl,casual,37,35.82612612612614
Torrence Ave & 126th Pl,member,2,15.674999999999999
Tripp Ave & 15th St,casual,13,26.162820512820513
Tripp Ave & 15th St,member,1,6.45
Tripp Ave & 31st St,casual,36,18.225462962962972
Tripp Ave & 31st St,member,3,17.16111111111109
Tripp Ave & 65th St,casual,17,35.04019607843134
Troy St & Elston Ave,casual,879,27.87053469852105
Troy St & Elston Ave,member,1103,20.56210335448776
Troy St & Grace St,casual,15,23.41777777777778
Troy St & Grace St,member,25,19.474666666666664
Troy St & North Ave,casual,1519,31.37129690585912
Troy St & North Ave,member,1172,19.06443401592719
Union Ave & Root St,casual,206,41.24425566343042
Union Ave & Root St,member,296,20.713175675675675
University Ave & 57th St,casual,3777,24.177398287882802
University Ave & 57th St,member,10911,8.800578926465645
University Library (NU),casual,1207,40.004073460370066
University Library (NU),member,1561,19.09699978646167
Valli Produce - Evanston Plaza,casual,528,28.930618686868687
Valli Produce - Evanston Plaza,member,468,14.61684472934473
Vernon Ave & 107th St,casual,81,26.736008230452665
Vernon Ave & 107th St,member,1,20.95
Vernon Ave & 75th St,casual,105,34.29507936507936
Vernon Ave & 75th St,member,17,27.524509803921582
Vernon Ave & 79th St,casual,139,46.18968824940046
Vernon Ave & 79th St,member,26,16.710897435897433
Vincennes Ave & 104th St,casual,58,49.0640804597701
Vincennes Ave & 104th St,member,28,36.49285714285715
Vincennes Ave & 75th St,casual,54,32.904629629629625
Vincennes Ave & 75th St,member,4,16.9375
Virginia Ave & Catalpa Ave,casual,4,17.80833333333332
Virginia Ave & Catalpa Ave,member,14,20.153571428571432
W 103rd St & S Avers Ave,casual,37,34.31576576576577
W 103rd St & S Avers Ave,member,6,18.03055555555556
W Armitage Ave & N Sheffield Ave,casual,316,12.971993670886075
W Armitage Ave & N Sheffield Ave,member,362,11.21233885819521
W Oakdale Ave & N Broadway,casual,770,17.224978354978358
W Oakdale Ave & N Broadway,member,628,12.988083864118895
W Washington Blvd & N Peoria St,casual,62,17.71586021505376
W Washington Blvd & N Peoria St,member,87,11.040613026819923
Wabash Ave & 16th St,casual,3100,28.217258064516127
Wabash Ave & 16th St,member,6112,13.387813590750437
Wabash Ave & 83rd St,casual,43,66.99418604651171
Wabash Ave & 83rd St,member,9,17.538888888888888
Wabash Ave & 87th St,casual,226,28.21386430678466
Wabash Ave & 87th St,member,36,17.079629629629633
Wabash Ave & 9th St,casual,7729,36.60338120498555
Wabash Ave & 9th St,member,9048,12.866723769525494
Wabash Ave & Adams St,casual,5227,39.939394809004526
Wabash Ave & Adams St,member,5287,13.354971313284157
Wabash Ave & Cermak Rd,casual,1903,34.30867052023122
Wabash Ave & Cermak Rd,member,1566,13.368060876968924
Wabash Ave & Grand Ave,casual,15196,34.01043805387383
Wabash Ave & Grand Ave,member,15646,13.825626358174613
Wabash Ave & Roosevelt Rd,casual,9263,36.78708121918745
Wabash Ave & Roosevelt Rd,member,12907,12.922552361767517
Wabash Ave & Wacker Pl,casual,9881,38.38943426778666
Wabash Ave & Wacker Pl,member,5875,13.710173049645391
Wacker Dr & Washington St,casual,2768,23.891829238921
Wacker Dr & Washington St,member,5673,10.451160467712556
Walden Pkwy & 100th St,casual,155,37.414623655914
Walden Pkwy & 100th St,member,22,29.960606060606054
Wallace St & 35th St,casual,619,28.1025309639203
Wallace St & 35th St,member,1914,11.00445837687217
Walsh Park,casual,3292,30.82426589712434
Walsh Park,member,4397,15.14333636570389
Warren Park East,casual,405,27.756049382716053
Warren Park East,member,462,16.009487734487735
Warren Park West,casual,690,33.559178743961354
Warren Park West,member,385,18.600692640692642
Washtenaw Ave & Lawrence Ave,casual,932,32.722514306151645
Washtenaw Ave & Lawrence Ave,member,1786,16.23000186636805
Washtenaw Ave & Madison St,casual,1,33.3333333333333
Washtenaw Ave & Madison St,member,1,14.4833333333333
Washtenaw Ave & Ogden Ave,casual,453,31.2005518763797
Washtenaw Ave & Ogden Ave,member,667,18.694802598700647
Washtenaw Ave & Peterson Ave,casual,3,18.4611111111111
Wells St & 19th St,casual,1487,33.32793095718449
Wells St & 19th St,member,1157,17.46516853932584
Wells St & Concord Ln,casual,18702,20.202279613588562
Wells St & Concord Ln,member,22474,12.130608703390585
Wells St & Elm St,casual,15685,17.90000212517267
Wells St & Elm St,member,19978,10.99472002536123
Wells St & Evergreen Ave,casual,12412,19.170668170587604
Wells St & Evergreen Ave,member,12804,12.009313495782568
Wells St & Hubbard St,casual,9017,21.863321134154006
Wells St & Hubbard St,member,14289,11.434402920661581
Wells St & Huron St,casual,11489,17.608020715466967
Wells St & Huron St,member,18008,9.95586683696135
Wells St & Polk St,casual,5364,24.318388018891373
Wells St & Polk St,member,7041,11.482395966482034
Wells St & Walton St,casual,3749,17.951653774339825
Wells St & Walton St,member,5585,10.755887794688153
Wentworth Ave & 104th St,casual,63,41.864285714285714
Wentworth Ave & 104th St,member,11,12.069696969696972
Wentworth Ave & 24th St (Temp),casual,993,38.24046659953004
Wentworth Ave & 24th St (Temp),member,906,16.37694996320824
Wentworth Ave & 33rd St,casual,821,24.068980917580188
Wentworth Ave & 33rd St,member,1778,12.21420134983127
Wentworth Ave & 35th St,casual,771,26.69941634241245
Wentworth Ave & 35th St,member,837,14.191457586618876
Wentworth Ave & 63rd St,casual,141,19.677777777777777
Wentworth Ave & 63rd St,member,61,25.2188524590164
Wentworth Ave & Cermak Rd,casual,5252,35.694944782939835
Wentworth Ave & Cermak Rd,member,3461,15.886949821824137
WEST CHI-WATSON,casual,3,39.27222222222233
Western & 28th - Velasquez Institute Vaccination Site,casual,54,64.15555555555562
Western & 28th - Velasquez Institute Vaccination Site,member,68,18.28504901960784
Western Ave & 104th St,casual,117,31.04045584045585
Western Ave & 104th St,member,13,21.63076923076923
Western Ave & 111th St,casual,149,58.565324384787466
Western Ave & 111th St,member,9,71.17222222222222
Western Ave & 21st St,casual,578,30.231314878892725
Western Ave & 21st St,member,1109,19.498061316501353
Western Ave & 24th St,casual,274,27.258454987834543
Western Ave & 24th St,member,492,16.118936314363143
Western Ave & 28th St,member,5,19.03333333333334
Western Ave & 62nd St,casual,6,23.797222222222242
Western Ave & Ardmore Ave,casual,3,14.905555555555534
Western Ave & Ardmore Ave,member,1,20.6166666666667
Western Ave & Congress Pkwy,casual,896,29.338337053571433
Western Ave & Congress Pkwy,member,1960,13.726028911564626
Western Ave & Division St,casual,2480,23.023118279569893
Western Ave & Division St,member,2685,15.242029795158286
Western Ave & Fillmore St,casual,959,25.433733055265904
Western Ave & Fillmore St,member,3715,12.906882009869896
Western Ave & Grace St,casual,6,19.375000000000018
Western Ave & Grace St,member,14,23.62738095238092
Western Ave & Granville Ave,casual,559,40.8458258795468
Western Ave & Granville Ave,member,471,18.360969568294408
Western Ave & Gunnison St,casual,19,14.5780701754386
Western Ave & Gunnison St,member,31,11.751612903225807
Western Ave & Howard St,casual,380,28.616578947368424
Western Ave & Howard St,member,333,16.911011011011013
Western Ave & Lake St,casual,3,12.833333333333334
Western Ave & Lake St,member,1,7.08333333333333
Western Ave & Leland Ave,casual,2039,27.622069641981366
Western Ave & Leland Ave,member,3764,13.71166755224938
Western Ave & Lunt Ave,casual,411,34.168734793187355
Western Ave & Lunt Ave,member,845,21.058224852071007
Western Ave & Monroe St,casual,684,26.648635477582843
Western Ave & Monroe St,member,1309,13.596180290297937
Western Ave & Roscoe St,casual,991,27.74836865119407
Western Ave & Roscoe St,member,1425,14.137894736842105
Western Ave & Walton St,casual,3090,20.141720604099245
Western Ave & Walton St,member,3934,13.42904592441959
Western Ave & Winnebago Ave,casual,3913,23.028256239884147
Western Ave & Winnebago Ave,member,4726,14.360773733954014
Western Blvd & 48th Pl,casual,213,34.35211267605633
Western Blvd & 48th Pl,member,69,14.28840579710145
Whipple/Irving Park,casual,10,53.03166666666673
Whipple/Irving Park,member,2,21.15
Wilton Ave & Belmont Ave,casual,11908,21.748640969656254
Wilton Ave & Belmont Ave,member,14012,12.188087591588163
Wilton Ave & Diversey Pkwy,casual,8055,18.239749637906062
Wilton Ave & Diversey Pkwy,member,10731,10.86752399589973
Winchester (Ravenswood) Ave & Balmoral Ave,casual,595,24.93997198879552
Winchester (Ravenswood) Ave & Balmoral Ave,member,1093,13.524519670631289
Winchester Ave & Elston Ave,casual,1500,27.587866666666667
Winchester Ave & Elston Ave,member,1871,16.545082843399253
Winthrop Ave & Lawrence Ave,casual,2690,24.878060718711275
Winthrop Ave & Lawrence Ave,member,3517,13.424741730641646
Wolcott (Ravenswood) Ave & Montrose Ave,casual,1534,23.193839634941327
Wolcott (Ravenswood) Ave & Montrose Ave,member,3084,12.19102356247298
Wolcott Ave & Fargo Ave,casual,247,33.90695006747638
Wolcott Ave & Fargo Ave,member,200,17.184916666666666
Wolcott Ave & Polk St,casual,1484,19.41817160826595
Wolcott Ave & Polk St,member,8038,12.760522932736171
Wood St & 35th St,casual,304,41.74841008771931
Wood St & 35th St,member,307,16.619815418023887
Wood St & Augusta Blvd,casual,2136,20.71497347066167
Wood St & Augusta Blvd,member,3373,13.087162763118885
Wood St & Chicago Ave,casual,2498,19.726868161195622
Wood St & Chicago Ave,member,4340,12.449374039938556
Wood St & Hubbard St,casual,1615,18.461114551083593
Wood St & Hubbard St,member,2626,13.618145468392994
Wood St & Milwaukee Ave,casual,6929,23.263640736999086
Wood St & Milwaukee Ave,member,8164,14.269353258206761
Wood St & Taylor St (Temp),casual,972,18.159927983539095
Wood St & Taylor St (Temp),member,5760,13.532766203703703
Woodlawn & 103rd - Olive Harvey Vaccination Site,casual,9,28.281481481481496
Woodlawn & 103rd - Olive Harvey Vaccination Site,member,2,10.86666666666665
Woodlawn Ave & 55th St,casual,2483,28.957296281380053
Woodlawn Ave & 55th St,member,4114,10.576814940852373
Woodlawn Ave & 75th St,casual,37,31.152252252252268
Woodlawn Ave & 75th St,member,9,12.361111111111121
Woodlawn Ave & Lake Park Ave,casual,801,53.26568872243028
Woodlawn Ave & Lake Park Ave,member,795,16.08188679245283
Yates Blvd & 75th St,casual,147,90.37210884353735
Yates Blvd & 75th St,member,39,23.67606837606838
Yates Blvd & 93rd St,casual,59,39.88022598870056
Yates Blvd & 93rd St,member,15,25.68888888888889
